,ID,Confirmed,Deaths
0,0,488609.61431503727,13433.92753671984
1,1,79840.69476908818,379.60417378985403
2,2,1120780.3530445297,22412.918362002976
3,3,266837.2005224869,5901.68036785116
4,4,4362342.565784691,73622.85291916161
5,5,496913.39395195077,6679.21224144606
6,6,345670.5900713386,9008.832016349128
7,7,141217.81038310795,1728.97298508661
8,8,2241756.2862657807,38155.16596754422
9,9,1156480.3689509085,23038.90162892565
10,10,34786.18497233191,630.6409728708561
11,11,188428.121354919,2097.2098298757514
12,12,1040167.9999999999,19497.0
13,13,1655174.5892151936,16984.87021736416
14,14,399018.0584163788,6417.703593772597
15,15,343342.26191948674,6020.007729523524
16,16,488375.6619181571,6432.958339917703
17,17,410642.3196258646,9689.669365705578
18,18,59702.78531526563,1029.0725176929004
19,19,444007.15207763773,9418.002376176615
20,20,667599.7782851636,17416.41772936195
21,21,698688.2591190016,17866.592629646253
22,22,490979.8969898856,6909.559948361431
23,23,265919.0086304185,6897.292442022645
24,24,630560.5380191682,9841.316421293885
25,25,87077.00000000004,1481.1415818369526
26,26,196054.95854508822,2241.513839461979
27,27,330881.0956273551,6436.063696746446
28,28,74123.7801998552,1256.856285535886
29,29,1020132.6649482159,26606.69123557218
30,30,211728.41601600335,4258.984081475001
31,31,-1.0,-1.0
32,32,4026380.5377606074,24097.643748967024
33,33,99723.37844070932,1520.1019685666488
34,34,799460.5781920655,19483.64113906714
35,35,340192.33762020787,4776.083050458866
36,36,190907.83475771677,2821.8506957241334
37,37,955370.1049236852,25693.95033271969
38,38,155104.3773182711,2988.771597693911
39,39,581858.0309876418,11247.616444683672
40,40,115404.83488742204,1998.3018682848165
41,41,703997.4797191453,12176.440507235695
42,42,2685856.6532352143,46764.39487960588
43,43,309629.5405510762,2005.3731275285945
44,44,15749.707172583674,219.42272292422734
45,45,775230.7908627375,10649.287859716898
46,46,278544.0,3789.0000000001437
47,47,147655.61342803136,2573.0858691242456
48,48,614067.9657782436,7959.538977432536
49,49,49677.97871478723,715.6123772373852
50,50,487811.8928220101,13516.056663666755
51,51,80215.41742607843,382.060788580235
52,52,1127148.6212491358,22604.536257813852
53,53,266919.6114469066,5911.456170027523
54,54,4381883.143652468,74268.97265596468
55,55,498601.94712165656,6700.238987342678
56,56,347352.5999558058,9049.123797970446
57,57,142293.7816035726,1739.7013853167002
58,58,2251209.1985092326,38381.706157092274
59,59,1160106.2034044336,23208.504769611085
60,60,34822.18297687153,635.7473966179195
61,61,188878.0497372467,2103.5369851656583
62,62,1040167.9999999999,19497.0
63,63,1678276.8222248866,17147.94431214696
64,64,400229.5014089031,6444.783329790222
65,65,344534.211438596,6060.576294530794
66,66,490704.3733259364,6487.315914926028
67,67,410151.626833617,9690.918544009164
68,68,60146.01161989023,1039.6217109976656
69,69,445695.93647450284,9463.584111343745
70,70,669670.2160178934,17451.686248817827
71,71,700080.2238697864,17900.39540836907
72,72,491350.47090548475,6917.222702824349
73,73,265191.3834889728,6899.272926020105
74,74,632369.3831757255,9889.61622255024
75,75,87077.00000000004,1483.532089568089
76,76,195780.25768699142,2245.497824347625
77,77,331862.97059304867,6477.475616328486
78,78,74153.88996810981,1257.7170942844111
79,79,1025815.1999605326,26712.822697426327
80,80,212327.54983147862,4273.207760270905
81,81,-1.0,-1.0
82,82,4119948.5995242074,24640.037434733535
83,83,99752.89946237045,1521.0065763201233
84,84,799474.7431251849,19501.24327604734
85,85,340226.0940415928,4786.254707254546
86,86,191719.20483515933,2839.509430660934
87,87,955759.2044350784,25718.858768989012
88,88,155785.9098755406,3002.2064464763903
89,89,582852.1663219989,11322.755736909352
90,90,115478.15301667132,2000.7457288424534
91,91,704381.9337597105,12195.811729729054
92,92,2686324.419191437,46808.41198871381
93,93,309629.54739346943,2007.78569720887
94,94,15760.455689448883,219.73473454177696
95,95,780275.1713792986,10735.6191951086
96,96,278544.0,3789.0000000001455
97,97,147974.40727958395,2578.8454112389754
98,98,613614.4127644628,7983.82428334234
99,99,49692.35488250634,716.633310153042
100,100,486985.43978934456,13597.485137952774
101,101,80590.58841862925,384.5300529379397
102,102,1133529.913854873,22797.172814854148
103,103,267001.73409456894,5921.100291337025
104,104,4401441.326097292,74917.87377468415
105,105,500291.44864568324,6721.33660738012
106,106,349037.4472671407,9089.617951835238
107,107,143375.97422803385,1750.5251192013654
108,108,2260670.603261796,38609.19485953347
109,109,1163706.1199638972,23378.6250853801
110,110,34855.47351585258,640.858383863882
111,111,189327.42409288252,2109.852591874291
112,112,1040167.9999999998,19497.0
113,113,1701676.6540567502,17313.738357937953
114,114,401439.5427177061,6471.837873838791
115,115,345726.4750813181,6101.280706786318
116,116,493036.4615775618,6541.92970867806
117,117,409660.18584829854,9692.083648265529
118,118,60592.15142923587,1050.260559491311
119,119,447386.152874927,9509.341588295953
120,120,671723.2970134157,17486.66110290949
121,121,701465.9778865123,17934.00500889292
122,122,491715.9946920491,6924.781237658714
123,123,264464.55303451966,6901.137251680837
124,124,634178.2868912631,9938.025086943748
125,125,87077.00000000003,1485.8807974962508
126,126,195498.1418012443,2249.432235704924
127,127,332844.9769655412,6519.007575905602
128,128,74182.23040622075,1258.5340526018454
129,129,1031511.6378616657,26819.54707153854
130,130,212924.47517020654,4287.355501459748
131,131,-1.0,-1.0
132,132,4214462.045103731,25193.971986662007
133,133,99781.92710706612,1521.8960790970484
134,134,799488.9066618274,19518.427680822195
135,135,340259.82240146975,4796.242580532229
136,136,192531.31720828472,2857.2450849650763
137,137,956131.7796049673,25742.88629068259
138,138,156468.0017680925,3015.6984585120185
139,139,583800.0152350898,11397.842096818918
140,140,115550.27554477754,2003.1497958216871
141,141,704762.6612250519,12214.941626756518
142,142,2686763.7437702324,46850.56091492455
143,143,309629.5542358618,2010.1404570742352
144,144,15770.66464561092,220.03706587531892
145,145,785336.6893615982,10822.499817380283
146,146,278544.00000000006,3789.0000000001473
147,147,148288.70790372652,2584.5235244938185
148,148,613141.5847827094,8007.995330988349
149,149,49706.594360631134,717.642086500049
150,150,486130.906341101,13678.211247133879
151,151,80966.21872154332,387.0119816675397
152,152,1139924.4184826657,22990.82921584248
153,153,267083.5683661245,5930.616046532132
154,154,4421017.526368107,75569.55804913257
155,155,501981.92106822826,6742.505125408702
156,156,350725.1781950288,9130.314802762921
157,157,144464.46276686684,1761.4446647729458
158,158,2270140.6842801203,38837.63285042482
159,159,1167280.3028507833,23549.258620606503
160,160,34886.133268150574,645.9735276477368
161,161,189776.24339441708,2116.1566951627187
162,162,1040167.9999999998,19497.0
163,163,1725374.5508572427,17482.2838580153
164,164,402648.1753231004,6498.867037782303
165,165,346919.06840083696,6142.120967895785
166,166,495371.98628513044,6596.799958181325
167,167,409168.10892842856,9693.17014002796
168,168,61041.238942375276,1060.989597321677
169,169,449077.8299052977,9555.274939601397
170,170,673759.149649673,17521.34485175994
171,171,702845.5326413005,17967.42331051139
172,172,492076.5364184307,6932.236952045922
173,173,263738.61456898454,6902.891986270243
174,174,635987.2633350621,9986.542898277874
175,175,87077.00000000003,1488.1884365220353
176,176,195208.79238868412,2253.317314396507
177,177,333827.1240724165,6560.659576928644
178,178,74208.89413665659,1259.309054236729
179,179,1037222.1652286679,26926.865563796964
180,180,213519.19290795038,4301.428037990282
181,181,-1.0,-1.0
182,182,4309853.32044317,25759.387535968817
183,183,99810.46958974388,1522.7707279948743
184,184,799503.0687964542,19535.20456910498
185,185,340293.5225757222,4806.050726850784
186,186,193344.18522190416,2875.0577231188513
187,187,956488.5278525077,25766.061084809287
188,188,157150.6671221361,3029.2476554967725
189,189,584701.6660914173,11472.868842975646
190,190,115621.22185113809,2005.5147131704352
191,191,705139.69386219,12233.835434510436
192,192,2687176.3409889014,46890.91402937981
193,193,309629.56107825355,2012.4387924082164
194,194,15780.359567281443,220.32995421913523
195,195,790415.5559059406,10909.931381797265
196,196,278544.00000000006,3789.000000000149
197,197,148598.57594198818,2590.1213727110267
198,198,612649.8013122843,8032.052781851299
199,199,49720.69828231302,718.6389461138186
200,200,485248.93595208955,13758.233558421205
201,201,81342.31921724611,389.50658994602657
202,202,1146332.3197858061,23185.506680542294
203,203,267165.11420034536,5940.006653130711
204,204,4440612.154360657,76224.02731596929
205,205,503673.3868052933,6763.74456629449
206,206,352415.83856904943,9171.214681226607
207,207,145559.32056790116,1772.4605064957386
208,208,2279619.624020559,39067.02092413465
209,209,1170828.9350790053,23720.401447822092
210,210,34914.23702416208,651.0924328944527
211,211,190224.50663806166,2122.449339729226
212,212,1040167.9999999998,19497.0
213,213,1749370.847139864,17653.61220950439
214,214,403855.3922220303,6525.870634735604
215,215,348112.0068499787,6183.097081382764
216,216,497711.00647391827,6651.926907914705
217,217,408675.4991500421,9694.183144823759
218,218,61493.30818501102,1071.8093659448168
219,219,450770.9960319479,9601.384300884029
220,220,675777.9020042217,17555.74001941916
221,221,704218.9001433974,18000.652152535848
222,222,492432.1632567662,6939.591226874156
223,223,263013.65730107273,6904.543348807468
224,224,637796.3265835018,10035.169541781352
225,225,87077.00000000003,1490.4557247657
226,226,194912.3880697717,2257.153314039376
227,227,334809.4211943677,6602.431622038844
228,228,74233.96979050856,1260.0439345593431
229,229,1042946.966643812,27034.77940125395
230,230,214111.70412579173,4315.426088975625
231,231,-1.0,-1.0
232,232,4406051.990249288,26336.206222421708
233,233,99838.53498966605,1523.6307699708482
234,234,799517.229523668,19551.583906746113
235,235,340327.19444377953,4815.683112290374
236,236,194157.82210604523,2892.947410891559
237,237,956830.1176368307,25788.41061760779
238,238,157833.9199222794,3042.854060454669
239,239,585557.217050017,11547.829363898018
240,240,115691.01100584475,2007.8411144891074
241,241,705513.063402443,12252.498172547128
242,242,2687563.8233630233,46929.541392856
243,243,309629.5679206444,2014.6820552991044
244,244,15789.564898884966,220.61363481317105
245,245,795511.9800487908,10997.915568273678
246,246,278544.0000000001,3789.000000000151
247,247,148904.07132432604,2595.640099843342
248,248,612139.378637103,8055.997297240324
249,249,49734.667780722084,719.6241197877864
250,250,484340.16433610226,13837.550910568812
251,251,81718.90069676412,392.0138933196598
252,252,1152753.7994896402,23381.206465097974
253,253,267246.37157283485,5949.275234334322
254,254,4460225.616648347,76881.2834741649
255,255,505365.8681456266,6785.0549559132105
256,256,354109.4738626303,9212.31792330802
257,257,146660.6198341368,1783.5731351665645
258,258,2289107.603650328,39297.35989370695
259,259,1174352.1984528485,23892.049667531744
260,260,34939.85771156797,656.2147160889175
261,261,190672.21284333736,2128.730569815228
262,262,1040167.9999999997,19497.0
263,263,1773665.7423517415,17827.754683182306
264,264,405061.18642995425,6552.848479032939
265,265,349305.30578189617,6224.209052675804
266,266,500053.58058901725,6707.310809747563
267,267,408182.45114954904,9695.127470988793
268,268,61948.393017209004,1082.7204140694212
269,269,452465.6795625126,9647.669810806052
270,270,677779.681814316,17589.849095275335
271,271,705586.0929175816,18033.69333549242
272,272,492782.9414936836,6946.845424965207
273,273,262289.76299217914,6906.097226302567
274,274,639605.4906206637,10083.904904098126
275,275,87077.00000000004,1492.6833677906368
276,276,194609.10458647762,2260.9405004055716
277,277,335791.8775654597,6644.323715061675
278,278,74257.54211513154,1260.7404707209653
279,279,1048686.2247205111,27143.28983187484
280,280,214702.01010399882,4329.350360027808
281,281,-1.0,-1.0
282,282,4502984.920303728,26924.33187651119
283,283,99866.13125260232,1524.4764479096848
284,284,799531.3888382064,19567.575415844483
285,285,340360.8378885371,4825.14361447151
286,286,194972.2409770017,2910.914215328261
287,287,957157.1896078538,25809.961641029295
288,288,158517.7740128498,3056.517697723614
289,289,586366.7760090305,11622.717118588067
290,290,115759.6617743374,2010.1296232016762
291,291,705882.8015443297,12270.934655472127
292,292,2687927.7077078596,46966.51079183182
293,293,309629.5747630345,2016.8715654354037
294,294,15798.304038623599,220.88834059750428
295,295,800626.1687997524,11086.454081098253
296,296,278544.0000000001,3789.000000000153
297,297,149205.2532705003,2601.080830605982
298,298,611610.6298560535,8079.829538175747
299,299,49748.50398843521,720.5978297321193
300,300,483405.2193486463,13916.162405862291
301,301,82095.9738606903,394.53390770084894
302,302,1159189.036430476,23577.929861380122
303,303,267327.34049477754,5958.424821858644
304,304,4479858.316512754,77541.32848447049
305,305,507059.38725165644,6806.4363211442105
306,306,355806.12919694657,9253.624870652899
307,307,147768.43164079703,1794.7830478168366
308,308,2298604.803058545,39528.650590726924
309,309,1177850.2735659648,24064.19940802822
310,310,34963.0664230807,661.3400049581243
311,311,191119.36105276798,2135.0004292111107
312,312,1040167.9999999997,19497.0
313,313,1798259.2974661847,18004.742402855016
314,314,406265.5509825948,6579.800386199059
315,315,350498.9804507476,6265.456889095617
316,316,502399.7665018767,6762.95192285978
317,317,407689.051807118,9696.007627634806
318,318,62406.52714091596,1093.7232976032294
319,319,454161.90864727466,9694.131611050529
320,320,679764.6164399257,17623.674535379912
321,321,706947.1239832888,18066.548622280636
322,322,493128.93654139206,6954.000891298649
323,323,261567.0065506182,6907.559189464044
324,324,641414.7693389301,10132.748873277349
325,325,87077.00000000004,1494.872058822937
326,326,194299.11480747323,2264.6791508371707
327,327,336774.50237339037,6686.3358610007535
328,328,74279.69208401056,1261.400381952383
329,329,1054440.1201287557,27252.39812429
330,330,215290.1123160552,4343.201543583856
331,331,-1.0,-1.0
332,332,4600576.478298352,27523.64976413565
333,333,99893.26619299021,1525.3080006900648
334,334,799545.5467349418,19583.188580709284
335,335,340394.4527962785,4834.4360245290345
336,336,195787.4548383715,2928.9582047386357
337,337,957470.3577170159,25830.740200117983
338,338,159202.24309919844,3070.2385929413895
339,339,587130.460540965,11697.525637066039
340,340,115827.19262201329,2012.3808527228675
341,341,706248.9399376422,12289.14950395748
342,342,2688269.420632648,47001.88777738971
343,343,309629.5816054238,2019.0086108822215
344,344,15806.599373758238,221.15430198789946
345,345,805758.3271738248,11175.548648664393
346,346,278544.00000000006,3789.0000000001546
347,347,149502.18029206042,2606.444671069302
348,348,611063.8648938487,8103.550165275128
349,349,49762.20803686395,721.5602900074689
350,350,482444.72090333333,13994.067402213006
351,351,82473.54932013665,397.06664936506786
352,352,1165638.2065937342,23775.67819633983
353,353,267408.02101172664,5967.458358678689
354,354,4499510.653973771,78204.16436889183
355,355,508753.9661604178,6827.888689864457
356,356,357505.84934476606,9295.13587042689
357,357,148882.8259517338,1806.0907476160771
358,358,2308111.400867151,39760.893865187725
359,359,1181323.3398013122,24236.846825206856
360,360,34983.93244585283,666.4679381614587
361,361,191565.95033157695,2141.2589612619918
362,362,1040167.9999999997,19497.0
363,363,1823151.4316097535,18184.606324313783
364,364,407468.47893756704,6606.726172922698
365,365,351693.0460123699,6306.840599842357
366,366,504749.6215167517,6818.85051366269
367,367,407195.38087523833,9696.82784176853
368,368,62867.74410726596,1104.818579601374
369,369,455859.71128049766,9740.769846304132
370,370,681732.8328295003,17657.218763692155
371,371,708302.0068344312,18099.21973929508
372,372,493470.2129486541,6961.058953233412
373,373,260845.45657825127,6908.934507868035
374,374,643224.1765395796,10181.701338763456
375,375,87077.00000000004,1497.02247896712
376,376,193982.58873636986,2268.3695536756486
377,377,337757.3047597495,6728.468066031767
378,378,74300.4970083119,1262.0253299907545
379,379,1060208.831620078,27362.105567550025
380,380,215876.01242284462,4356.980319223606
381,381,-1.0,-1.0
382,382,4698748.752242349,28134.026397391088
383,383,99919.94749606388,1526.1256632500003
384,384,799559.7032088755,19598.43265367605
385,385,340428.03905659844,4843.5640490420665
386,386,196603.4765820831,2947.0794486859327
387,387,957770.2102886958,25850.771641199477
388,388,159887.34074898812,3084.016773031763
389,389,587848.3978191499,11772.24852090845
390,390,115893.6217187887,2014.5954066217014
391,391,706611.5101686157,12307.147155129698
392,392,2688590.30374114,47035.735706559455
393,393,309629.5884478123,2021.0944488390521
394,394,15814.472315515575,221.41174667148263
395,395,810908.6582229567,11265.201023204456
396,396,278544.00000000006,3789.0000000001564
397,397,149794.91019488353,2611.7327092152054
398,398,610499.3905123553,8127.159838642504
399,399,49775.78105572001,722.5117069351453
400,400,481459.2809011157,14071.26550536228
401,401,82851.63759767431,399.6121349478022
402,402,1172101.4831513432,23974.452831371767
403,403,267488.41320242925,5976.378701691375
404,404,4519183.025819418,78869.79321016834
405,405,510449.6267844706,6849.412090942582
406,406,359208.6787342414,9336.85127527192
407,407,150003.87163519787,1817.496743776827
408,408,2317627.5744417123,39994.09058535826
409,409,1184771.575331939,24409.988102380277
410,410,35002.52329225955,671.5981649889411
411,411,192011.97976738837,2147.5062088734107
412,412,1040167.9999999997,19497.0
413,413,1848341.9187325335,18367.3772138787
414,414,408669.96337589447,6633.625657032251
415,415,352887.5175249463,6348.360195982978
416,416,507103.2023770582,6875.0068557209115
417,417,406701.5115567697,9697.592074584025
418,418,63332.07732368105,1116.0068302166012
419,419,457559.1153017463,9787.584664240047
420,420,683684.4574882957,17690.484173248282
421,421,709650.7554198891,18131.70837751118
422,422,493806.8344116411,6968.020920726815
423,423,260125.1758732824,6910.228164584484
424,424,645033.7259333774,10230.762191386297
425,425,87077.00000000004,1499.1352974180854
426,426,193659.6935227657,2272.0120077056167
427,427,338740.2938202766,6770.720337496439
428,428,74320.03064961467,1262.6169196242265
429,429,1065992.5360520463,27472.413470884094
430,430,216459.71226698902,4370.687353979478
431,431,-1.0,-1.0
432,432,4797421.785288196,28755.30941467399
433,433,99946.18271995119,1526.9296666510968
434,434,799573.8582551361,19613.31666078042
435,435,340461.59656232863,4852.531311920873
436,436,197420.3189894109,2965.27801797603
437,437,958057.3110531379,25870.080620792858
438,438,160573.08039346602,3097.852266190736
439,439,588520.7245358762,11846.879443786831
440,440,115958.96694361135,2016.77387878158
441,441,706970.5437461325,12324.931872364692
442,442,2688891.6185515164,47068.11578574247
443,443,309629.5952902001,2023.1303063794026
444,444,15821.943333540952,221.66089942158672
445,445,816077.363066904,11355.412980528139
446,446,278544.0000000001,3789.0000000001583
447,447,150083.5000822118,2616.9460154601366
448,448,609917.5103223854,8150.659217760772
449,449,49789.22417251591,723.4522794850113
450,450,480449.5031716005,14147.756561199338
451,451,83230.24912826098,402.17038144152826
452,452,1178579.0364984043,24174.255161685924
453,453,267568.51717768714,5985.188624297929
454,454,4538875.825635299,79538.2171512568
455,455,512146.3909128111,6871.006554232972
456,456,360914.6614526486,9378.771443263044
457,457,151131.6364789881,1829.0015514608947
458,458,2327153.4999021064,40228.24163765214
459,459,1188195.1571225289,24583.619450093236
460,460,35018.904731799405,676.730345067274
461,461,192457.4484699314,2153.742214516945
462,462,1040167.9999999997,19497.0
463,463,1873830.3843304284,18553.0856265385
464,464,409869.9974034193,6660.4986574734685
465,465,354082.4099496685,6390.015690438684
466,466,509460.5652716373,6931.421229675047
467,467,406207.51103646174,9698.3040369515
468,468,63799.56006077076,1127.2886266513144
469,469,459260.1483971953,9834.576215501005
470,470,685619.6164491046,17723.473127260128
471,471,710993.3841246525,18164.016193536292
472,472,494138.86378467054,6974.8880865511
473,473,259406.2218927074,6911.444870259141
474,474,646843.4311411616,10279.931323351335
475,475,87077.00000000003,1501.2111716693641
476,476,193330.59347587396,2275.6068216129156
477,477,339723.4786051167,6813.092683896532
478,478,74338.3633333571,1263.1766993440701
479,479,1071791.4084123,27583.32316346139
480,480,217041.21386733398,4384.323302638403
481,481,-1.0,-1.0
482,482,4896513.825629712,29387.327532875526
483,483,99971.97929773912,1527.7202381417412
484,484,799588.0118689755,19627.849407293143
485,485,340495.12520946446,4861.341356251635
486,486,198237.9947319788,2983.5539846465895
487,487,958332.2001417683,25888.691115167258
488,488,161259.4753287201,3111.7451018729134
489,489,589147.5868126851,11921.41215200461
490,490,116023.2458889216,2018.9168535571064
491,491,707326.072088897,12342.507754523944
492,492,2689174.5511485487,47099.08711588481
493,493,309629.602132587,2025.1173811726944
494,494,15829.031989826919,221.90198193083145
495,495,821264.6409234037,11446.186319764895
496,496,278544.00000000006,3789.00000000016
497,497,150368.00635813965,2622.0856431472444
498,498,609318.5247959336,8174.048961387151
499,499,49802.53851209932,724.3821996423245
500,500,479415.98342570924,14223.540648196416
501,501,83609.3942601562,404.74140619272396
502,502,1185071.0342891286,24375.08661568785
503,503,267648.33307925274,5993.890818908562
504,504,4558589.443833717,80209.43839481976
505,505,513844.28021177487,6892.6721105699
506,506,362623.8412500732,9420.896737865749
507,507,152266.18720499324,1840.605691686892
508,508,2336689.3521330953,40463.34792649781
509,509,1191594.2609316239,24757.737105937736
510,510,35033.14082388602,681.8641480735422
511,511,192902.35557074935,2159.967020235751
512,512,1040167.9999999997,19497.0
513,513,1899616.3022284105,18741.76188369719
514,514,411068.57415211573,6687.3449942890375
515,515,355277.7381513936,6431.807097972458
516,516,511821.7658409283,6988.093923165245
517,517,405713.44096962747,9698.967204127403
518,518,64270.225459035086,1138.6645531113907
519,519,460962.8381009259,9881.74465368248
520,520,687538.4352452272,17756.18796014782
521,521,712329.9077515901,18196.14481062725
522,522,494466.3630908254,6981.661726507497
523,523,258688.64717763304,6912.589076653262
524,524,648653.3056944265,10329.208628229917
525,525,87077.00000000003,1503.2507477177242
526,526,192995.45008051896,2279.1543134570097
527,527,340706.8681190743,6855.5851148878755
528,528,74355.56206256758,1263.7061620944567
529,529,1077605.621842129,27694.835994155546
530,530,217620.51941357966,4397.888808036107
531,531,-1.0,-1.0
532,532,4995941.5899426015,30029.890573970948
533,533,99997.34453950774,1528.497601219245
534,534,799602.1640457668,19642.0394831197
535,535,340528.62489709374,4869.997646100044
536,536,199056.5163727528,3001.907421956313
537,537,958595.3950458175,25906.626430468954
538,538,161946.53871692027,3125.6953107780055
539,539,589729.140103253,11995.840465029793
540,540,116086.47586506106,2021.0249059277924
541,541,707678.126513524,12359.87874466418
542,542,2689440.2165805683,47128.7067390939
543,543,309629.6089749731,2027.0568421888681
544,544,15835.75697205649,222.13521266151972
545,545,826470.6891376742,11537.522863110273
546,546,278544.00000000006,3789.000000000162
547,547,150648.48473150533,2627.152629010109
548,548,608702.7312788466,8197.32972745167
549,549,49815.72519621866,725.3016527546863
550,550,478359.3092189818,14298.618069964017
551,551,83989.08325582417,407.32522689891067
552,552,1191577.6414720626,24576.948654367217
553,553,267727.8610787587,6002.487899371734
554,554,4578324.267682464,80883.4592027186
555,555,515543.31622593297,6914.408791761696
556,556,364336.2615430454,9463.227527893732
557,557,153407.58948313794,1852.309691239006
558,558,2346235.3047947814,40699.41037420964
559,559,1194969.0613144566,24932.337334368494
560,560,35045.29395132935,686.9992534564108
561,561,193346.70022291155,2166.180667650037
562,562,1040167.9999999997,19497.0
563,563,1925698.99143377,18933.43605053935
564,564,412265.686781313,6714.164488599889
565,565,356473.5168992952,6473.734435176679
566,566,514186.8591830532,7045.025230755619
567,567,405219.35793137184,9699.584829711566
568,568,64744.10653537567,1150.1352007617159
569,569,462667.2117962105,9929.090135316
570,570,689441.0388855417,17788.630978510762
571,571,713660.3415038303,18228.09581967541
572,572,494789.3935324573,6988.3430996378775
573,573,257972.49974443647,6913.664989645487
574,574,650463.3630358998,10378.594000949593
575,575,87077.00000000003,1505.2546602642
576,576,192654.42201530084,2282.654810157619
577,577,341690.4713218664,6898.197641274432
578,578,74371.6906314854,1264.206746110383
579,579,1083435.347659604,27806.95333131203
580,580,218197.63126105192,4411.384501343946
581,581,-1.0,-1.0
582,582,5095620.538669216,30682.789567794192
583,583,100022.28563433334,1529.2619756909642
584,584,799616.3147810005,19655.89526806786
585,585,340562.0955273269,4878.503568274654
586,586,199875.89636702268,3020.3384043742913
587,587,958847.3915392049,25923.90921334989
588,588,162634.2835875442,3139.7029248374506
589,589,590265.5490893009,12070.15827602125
590,590,116148.67390462742,2023.0986016488005
591,591,708026.738223487,12377.048638250932
592,592,2689689.6630134583,47157.02968641977
593,593,309629.6158173583,2028.9498303861014
594,594,15842.136126308504,222.36080671245156
595,595,831695.7032112556,11629.424455576123
596,596,278544.00000000006,3789.0000000001637
597,597,150924.99022014582,2632.14799361022
598,598,608070.4240039092,8220.502172958617
599,599,49828.785343118376,726.2108178601958
600,600,477280.0599248642,14372.989347928895
601,601,84369.32629282465,409.92186160572606
602,602,1198099.0203246188,24779.842770694544
603,603,267807.10137668083,6010.982403330288
604,604,4598080.681333245,81560.28189551116
605,605,517243.5203789804,6936.216630584968
606,606,366051.96541812277,9505.764187467119
607,607,154555.90794474725,1864.1140825769578
608,608,2355791.530332952,40936.42992086026
609,609,1198319.7316263237,25107.41642651887
610,610,35055.42485432787,692.135350164665
611,611,193790.4816007297,2172.383197962462
612,612,1040167.9999999995,19497.0
613,613,1952077.6130685061,19128.13791302739
614,614,413461.32847883453,6740.956962588115
615,615,357669.7608675098,6515.797720460823
616,616,516555.89985981263,7102.215453859502
617,617,404725.3138295154,9700.15995887806
618,618,65221.23618941941,1161.701167683392
619,619,464373.2967167856,9976.61281985263
620,620,691327.5518315366,17820.804462040847
621,621,714984.7009677257,18259.870780160258
622,622,495108.01550157124,6994.933448434006
623,623,257257.8234445025,6914.6765817026
624,624,652273.6165201169,10428.087337784515
625,625,87077.00000000003,1507.2235329116077
626,626,192307.66517274085,2286.108646995492
627,627,342674.2971283726,6940.930275002397
628,628,74386.80973871052,1264.6798358346423
629,629,1089280.7553822694,27919.676562518453
630,630,218772.55192561104,4424.81100234849
631,631,-1.0,-1.0
632,632,5195465.161297888,31345.796932239384
633,633,100046.80965226032,1530.013577734419
634,634,799630.4640702822,19669.42493698638
635,635,340595.5370052286,4886.862434050879
636,636,200696.14706337242,3038.847007569453
637,637,959088.6645666633,25940.561462033045
638,638,163322.72283858788,3153.7679772011634
639,639,590756.9875699421,12144.359552346585
640,640,116209.85676677487,2025.1384973988484
641,641,708371.9382988726,12394.021090904627
642,642,2689923.875653523,47184.109026545775
643,643,309629.62265974283,2030.797459382049
644,644,15848.186489080304,222.57897570127824
645,645,836939.8768301966,11721.89296474455
646,646,278544.00000000006,3789.0000000001655
647,647,151197.57715547748,2637.0727417502167
648,648,607421.8941043328,8243.56695389091
649,649,49841.720067162336,727.1098679978413
650,650,476178.80671734456,14446.65521413701
651,651,84750.13346469183,412.53132870402726
652,652,1204635.3304869137,24983.770489025945
653,653,267886.05420133186,6019.376794506664
654,654,4617859.065849815,82239.90885195391
655,655,518944.913974617,6958.095660778853
656,656,367770.99563542294,9548.507095971137
657,657,155711.20619534075,1876.0194037470958
658,658,2365358.1999893095,41174.40752415385
659,659,1201646.4440264464,25282.97070001731
660,660,35063.59266481368,697.2721363829356
661,661,194233.69889947752,2178.574651963468
662,662,1040167.9999999995,19497.0
663,663,1978751.1673900797,19325.89695454532
664,664,414655.492462059,6767.722239481359
665,665,358866.4846357772,6557.996974039246
666,666,518928.9419025945,7159.664900665524
667,667,404231.3562841111,9700.695440906851
668,668,65701.64720965899,1173.363058832565
669,669,466081.1199481125,10024.312869646556
670,670,693198.0979761749,17852.710664381706
671,671,716303.0020963915,18291.471221072617
672,672,495422.2885900953,7001.433999044437
673,673,256544.6582950632,6915.627603827749
674,674,654084.079413992,10477.688536345888
675,675,87077.00000000003,1509.1579783586042
676,676,191955.3326812309,2289.516167127208
677,677,343658.35440888506,6983.783029154332
678,678,74400.97709955361,1265.1267629051429
679,679,1095142.0127493956,28033.007094377732
680,680,219345.28407869386,4438.1689197240285
681,681,-1.0,-1.0
682,682,5295389.269655966,32018.666731554473
683,683,100070.92354624286,1530.752619956438
684,684,799644.6119093291,19682.636464778054
685,685,340628.949238751,4895.077480856522
686,686,201517.2807046401,3057.433308400108
687,687,959319.6690980897,25956.604537754574
688,688,164011.86923776084,3167.8905022244044
689,689,591203.6383448583,12218.438336089719
690,690,116270.04094145918,2027.1451409253916
691,691,708713.7576868945,12410.799625706199
692,692,2690143.7804506985,47209.99591515602
693,693,309629.6295021265,2032.600816108998
694,694,15853.924318590032,222.78992766154164
695,695,842203.4018925999,11814.930280525545
696,696,278544.00000000006,3789.0000000001673
697,697,151466.29918736758,2641.9278628647476
698,698,606757.4296276306,8266.524725117319
699,699,49854.53047848354,727.9989705011095
700,700,475056.1125623387,14519.616604183328
701,701,85131.51478180123,415.1536469270237
702,702,1211186.728994935,25188.73336451573
703,703,267964.7198078874,6027.6734649193095
704,704,4637659.799235736,82922.34250850862
705,705,520647.5181974213,6980.045917039323
706,706,369493.39463210583,9591.456638015226
707,707,156873.54682686948,1888.0261982945804
708,708,2374935.4838115918,41413.34415930056
709,709,1204949.3694822607,25458.996498804427
710,710,35069.85494101149,702.4093192744504
711,711,194676.35133511407,2184.7550700365414
712,712,1040167.9999999995,19497.0
713,713,2005718.4909098216,19526.742332205034
714,714,415848.1719789096,6794.460143538585
715,715,360063.7026900759,6600.332217919049
716,716,521306.03881819674,7217.37388606451
717,717,403737.52897622704,9701.193941043663
718,718,66185.37227941428,1185.121486000829
719,719,467790.70842862787,10072.190449938842
720,720,695052.8006244756,17884.351813937363
721,721,717615.2611937921,18322.8986418084
722,722,495732.27160003316,7007.845961479076
723,723,255833.0407834655,6916.521596996294
724,724,655894.7648973829,10527.39749557249
725,725,87077.00000000003,1511.058598590356
726,726,191597.5749286232,2292.877721113878
727,727,344642.65198935545,7026.755917943325
728,728,74414.24755728853,1265.5488072042835
729,729,1101019.2857438056,28146.946352284034
730,730,219915.83054248622,4451.458851298186
731,731,-1.0,-1.0
732,732,5395306.297127124,32701.13501279418
733,733,100094.63415405636,1531.4793114513418
734,734,799658.758293968,19695.537631290128
735,735,340662.33213866904,4903.15187391969
736,736,202339.30942886695,3076.0973849035836
737,737,959540.84095013,25972.05917652678
738,738,164701.735423667,3182.0705354547713
739,739,591605.6930916895,12292.38874454646
740,740,116329.24265362695,2029.1190711871907
741,741,709052.227193122,12427.38764008761
742,742,2690350.2475931747,47234.73964476822
743,743,309629.63634450943,2034.3609614533223
744,744,15859.365125327451,222.99386695356847
745,745,847486.4685355378,11908.538314918234
746,746,278544.0000000001,3789.000000000169
747,747,151731.20928926466,2646.7143313906427
748,748,606077.3155498682,8289.376140302495
749,749,49867.21768265861,728.8782872757353
750,750,473912.5322172531,14591.874650270038
751,751,85513.48017222516,417.78883534744017
752,752,1217753.3703130425,25394.73298253673
753,753,268043.0984774406,6035.874737032386
754,754,4657483.256461856,83607.58535885342
755,755,522351.3541137167,7002.067435013522
756,756,371219.2045258065,9634.613203392582
757,757,158042.9914294066,1900.135015176609
758,758,2384523.550663583,41653.240818891965
759,759,1208228.677774093,25635.4901929507
760,760,35074.26770208858,707.546614730657
761,761,195118.43814401078,2190.924492163406
762,762,1040167.9999999994,19497.0
763,763,2032978.2536183293,19730.702852832495
764,764,417039.36030877527,6821.170500037108
765,765,361261.42942325363,6642.803475888024
766,766,523687.24359456514,7275.342731577176
767,767,403243.87196845905,9701.65795171544
768,768,66672.44398261893,1196.9770677771571
769,769,469502.0889509802,10120.2457288413
770,770,696891.7824756966,17915.730114633643
771,771,718921.4948993616,18354.154513033867
772,772,496038.02255350235,7014.170529811437
773,773,255123.00414700806,6917.361903090714
774,774,657705.6860636534,10577.214115721252
775,775,87077.00000000003,1512.9259850658718
776,776,191234.5395873037,2296.193666463601
777,777,345627.1986516413,7069.848956707185
778,778,74426.67319304022,1265.9471979625055
779,779,1106912.7386132784,28261.495780201483
780,780,220484.19428522215,4464.681384310824
781,781,-1.0,-1.0
782,782,5495129.6016197875,33392.920219887106
783,783,100117.94820017873,1532.1938578581883
784,784,799672.9032201326,19708.136026085092
785,785,340695.68561851577,4911.088707879929
786,786,203162.24527023567,3094.839316285953
787,787,959752.5975759982,25986.94550117006
788,788,165392.33390697042,3196.308113619308
789,789,591963.3522379973,12366.204970706462
790,790,116387.47786734911,2031.0608184943542
791,791,709387.3774733763,12443.788412331276
792,792,2690544.0948040853,47258.38769484015
793,793,309629.64318689145,2036.0789308796157
794,794,15864.523701828113,223.1909941884132
795,795,852789.2651613458,12002.719001775633
796,796,278544.0000000001,3789.000000000171
797,797,151992.3597635596,2651.4331071179636
798,798,605381.8337902725,8312.121851819746
799,799,49879.782780405854,729.7479750624653
800,800,472748.61223818443,14663.43067439445
801,801,85896.03948257622,420.4369133747082
802,802,1224335.4063658167,25601.770958108158
803,803,268121.1905160869,6043.982865840752
804,804,4677329.809493432,84295.63995339829
805,805,524056.4426724311,7024.160251294147
806,806,372948.46711801825,9677.977187040136
807,807,159219.60060230424,1912.346408676638
808,808,2394122.568235009,41894.09851277756
809,809,1211484.537500178,25812.448178474962
810,810,35076.88546278814,712.6837471275593
811,811,195559.95858268175,2197.082957929151
812,812,1040167.9999999995,19497.0
813,813,2060528.9563272288,19937.806948652484
814,814,418229.05076337093,6847.8531352607915
815,815,362459.67913565174,6685.410773502685
816,816,526072.6087064467,7333.571765282625
817,817,402750.42199944466,9702.08980312877
818,818,67162.89480943586,1208.9304295113172
819,819,471215.2881632573,10168.478877320504
820,820,698715.1656070165,17946.847746635336
821,821,720221.7201731395,18385.240277523342
822,822,496339.5987026572,7020.408882378606
823,823,254414.5786303194,6918.151675347114
824,824,659516.8559202318,10627.138298357899
825,825,87077.00000000003,1514.7607189020603
826,826,190866.37164060664,2299.4643671875106
827,827,346612.00313375005,7113.062161902676
828,828,74438.3034340674,1266.323114908555
829,829,1112822.5338915354,28376.656840445543
830,830,221050.37841660657,4477.837095666395
831,831,-1.0,-1.0
832,832,5594772.770056387,34093.723684152836
833,833,100140.87229764252,1532.8964614170955
834,834,799687.0466838599,19720.439053094808
835,835,340729.0095945207,4918.891008363413
836,836,203986.10015999855,3113.6591829118597
837,837,959955.3388245354,26001.283033565585
838,838,166083.67707154664,3210.6032746117335
839,839,592276.8248281552,12439.88128372011
840,840,116444.76228989793,2032.9709046459484
841,841,709719.2390262603,12460.005107700901
842,842,2690726.09045051,47280.98578197625
843,843,309629.6500292727,2037.7557350398677
844,844,15869.414151651217,223.38150616407026
845,845,858111.9784633046,12097.474296572827
846,846,278544.00000000006,3789.000000000173
847,847,152249.80224714993,2656.085135523368
848,848,604671.2632261872,8334.762510666516
849,849,49892.22686730539,730.608185685661
850,850,471564.8909942393,14734.286181667567
851,851,86279.20247883964,423.0979007521869
852,852,1230932.9865692698,25809.84893533091
853,853,268198.99625403597,6052.000040892193
854,854,4697199.827316947,84986.50889880484
855,855,525762.8047059485,7046.324403413872
856,856,374681.2238974278,9721.548988998942
857,857,160403.43396482794,1924.6609383195553
858,858,2403732.7030513347,42135.918267942274
859,859,1214717.1160819752,25989.866877163615
860,860,35077.76126795163,717.8204490886104
861,861,196000.911927518,2203.230506527291
862,862,1040167.9999999994,19497.0
863,863,2088368.9281366735,20148.082652692097
864,864,419417.23668753845,6874.50787648933
865,865,363658.46603572567,6728.154138076372
866,866,528462.1861209605,7392.061321747613
867,867,402257.21275446925,9702.491673278259
868,868,67656.75716170557,1220.982203278725
869,869,472930.332570201,10216.890069181933
870,870,700523.0714586176,17977.706867021952
871,871,721515.954281406,18416.157350970225
872,872,496637.0565394986,7026.562181978965
873,873,253707.79172209097,6918.8938883266665
874,874,661328.2873891641,10677.169946347653
875,875,87077.00000000003,1516.5633710545692
876,876,190493.2134104324,2302.6901933692434
877,877,347597.07413008175,7156.395551099774
878,878,74449.18516022833,1266.6776894594007
879,879,1118748.832418815,28492.43101346705
880,880,221614.3861833586,4490.926552179922
881,881,-1.0,-1.0
882,882,5694149.922123719,34803.2301894873
883,883,100163.41294985777,1533.5873210246598
884,884,799701.1886812889,19732.45393516079
885,885,340762.30398554873,4926.561733522979
886,886,204810.88592739496,3132.557066294428
887,887,960149.4476695057,26015.090707084306
888,888,166775.77717561956,3224.9560574797815
889,889,592546.3283855008,12513.412029349007
890,890,116501.11137576801,2034.8498430652467
891,891,710047.8421862769,12476.040784225037
892,892,2690896.956474631,47302.57791007806
893,893,309629.65687165316,2039.392360368043
894,894,15874.049917546412,223.56559581320136
895,895,863454.7934507199,12192.80617617854
896,896,278544.00000000006,3789.0000000001746
897,897,152503.58771718363,2660.671348087106
898,898,603945.879708361,8357.298766382504
899,899,49904.55103353998,731.4590662885186
900,900,470361.8986884876,14804.442853764036
901,901,86662.97884719406,425.7718175544119
902,902,1237546.2578614226,26018.968586830117
903,903,268276.5160447519,6059.928388248778
904,904,4717093.675966614,85680.19485751035
905,905,527470.4609309534,7068.5599298398065
906,906,376417.5160432019,9765.329014374995
907,907,161594.55016627975,1937.0791687877597
908,908,2413354.1204834417,42378.70112838505
909,909,1217926.5797697585,26167.74273639069
910,910,35076.946726847775,722.9564612540096
911,911,196441.29747452447,2209.367176764761
912,912,1040167.9999999995,19497.0
913,913,2116496.324037954,20361.55757392444
914,914,420603.9114599946,6901.134551988521
915,915,364857.8042406589,6771.033598667446
916,916,530856.0273030865,7450.811741956591
917,917,401764.2751140929,9702.865597391532
918,918,68154.06335823103,1233.133027846693
919,919,474647.248534411,10265.479481054252
920,920,702315.6208200775,18008.309610424763
921,921,722804.2147827984,18446.90712277219
922,922,496930.45180557034,7032.631576067659
923,923,253002.66837283553,6919.591347426008
924,924,663139.9933076655,10727.308963845997
925,925,87077.00000000003,1518.3345024954629
926,926,190115.20458594372,2305.871520747638
927,927,348582.42029167013,7199.849142975957
928,928,74459.36280844115,1267.0120059431586
929,929,1124691.7933620436,28608.819797638833
930,930,222176.22096487155,4503.950310816762
931,931,-1.0,-1.0
932,932,5793176.011023891,35521.10860982629
933,933,100185.576552406,1534.2666322884859
934,934,799715.3292086576,19744.187718463436
935,935,340795.56871304015,4934.103775543792
936,936,205636.61430055875,3151.533049085266
937,937,960335.2909101192,26028.38687915102
938,938,167468.6463528841,3239.3665024126635
939,939,592772.0887700762,12586.791630398819
940,940,116556.54033064103,2036.698138932694
941,941,710373.2171175062,12491.898398153357
942,942,2691057.3711564476,47323.206420298215
943,943,309629.66371403274,2040.989769660412
944,944,15878.443808799311,223.7434521616519
945,945,868817.893473412,12288.716638629956
946,946,278544.0000000001,3789.0000000001764
947,947,152753.76649695984,2665.192662594859
948,948,603205.9560765548,8379.73126697037
949,949,49916.75636365565,732.3007595556438
950,950,469140.1573850857,14873.902542503998
951,951,87047.37819482114,428.458684184372
952,952,1244175.3647322657,26229.131613204867
953,953,268353.75026411907,6067.769972389179
954,954,4737011.718550554,86376.7005472561
955,955,529179.4319492696,7090.866869968001
956,956,378157.3844282265,9809.317673300447
957,957,162793.0068956207,1949.6016698381054
958,958,2422986.9847572106,42622.448154998376
959,959,1221113.0936484362,26346.07222893877
960,960,35074.4920472367,728.0915320562483
961,961,196881.1145390611,2215.4930070668483
962,962,1040167.9999999994,19497.0
963,963,2144909.1226605475,20578.258872175324
964,964,421789.06849402864,6927.732991001463
965,965,366057.707776973,6814.049186067551
966,966,533254.1832210725,7509.823373242502
967,967,401271.63738257065,9703.213476836998
968,968,68654.84563990263,1245.3835486420344
969,969,476366.0622775374,10314.247292373719
970,970,704092.9338179856,18038.65808962761
971,971,724086.5195148957,18477.49095679142
972,972,497219.8395015436,7038.618196949862
973,973,252299.2311952041,6920.246697941084
974,974,664951.9864286653,10777.555256289503
975,975,87077.00000000001,1520.0746643877928
976,976,189732.48225322113,2309.0087303124756
977,977,349568.0502264223,7243.422957310532
978,978,74468.87847497615,1267.327102848783
979,979,1130651.574234608,28725.8247090449
980,980,222735.88626898767,4516.908918926313
981,981,-1.0,-1.0
982,982,5891767.118993113,36247.012615906395
983,983,100207.36939480592,1534.934587580842
984,984,799729.4682623004,19755.647276842934
985,985,340828.80370095285,4941.519962115414
986,986,206463.29690741532,3170.587215064558
987,987,960513.2198437552,26041.1893439056
988,988,168162.29661361466,3253.8346507286365
989,989,592954.3400322662,12660.014587133368
990,990,116611.06411529431,2038.516289316651
991,991,710695.3938078027,12507.580809104524
992,992,2691207.9717170796,47342.912040672156
993,993,309629.6705564115,2042.548902641976
994,994,15882.608027749493,223.91526029705636
995,995,874201.4602456199,12385.207702910771
996,996,278544.00000000006,3789.0000000001783
997,997,153000.38826196623,2669.649983425546
998,998,602451.7621754566,8402.060658818993
999,999,49928.84393634064,733.1334039236767
1000,1000,467900.1810421313,14942.667263567042
1001,1001,87432.41005070411,431.158521370814
1002,1002,1250820.4492531114,26440.33974248487
1003,1003,268430.6993096342,6075.526798053736
1004,1004,4756954.315276673,87076.02874061983
1005,1005,530889.7382486903,7113.245264117987
1006,1006,379900.8696222987,9853.515380895242
1007,1007,163998.86089060444,1962.2290162196673
1008,1008,2432631.4589629876,42867.16042544883
1009,1009,1224276.8216435825,26524.851852820808
1010,1010,35070.44606910717,733.2254175017547
1011,1011,197320.36245558684,2221.6080354820574
1012,1012,1040167.9999999994,19497.0
1013,1013,2173605.1241728836,20798.213232817176
1014,1014,422972.70123815315,6954.303023740602
1015,1015,367258.19058113196,6857.200932789959
1016,1016,535656.7043517629,7569.096569218331
1017,1017,400779.3254977003,9703.5370875199
1018,1018,69159.136174667,1257.7344177199768
1019,1019,478086.79988146195,10363.193685368726
1020,1020,705855.1299047032,18068.754396133787
1021,1021,725362.8865812542,18507.910192090625
1022,1022,497505.27389668964,7044.523161971843
1023,1023,251597.5006482747,6920.862433699283
1024,1024,666764.2794213501,10827.90873038671
1025,1025,87077.00000000001,1521.7843982571148
1026,1026,189345.18092576668,2312.1022079130535
1027,1027,350553.97249935643,7287.117014978989
1028,1028,74477.77201543812,1267.6239740966744
1029,1029,1136628.3309157328,28843.44728127207
1030,1030,223293.38572788375,4529.802914469822
1031,1031,-1.0,-1.0
1032,1032,5989840.745411656,36980.581447777025
1033,1033,100228.79766225125,1535.5913760914575
1034,1034,799743.6058386456,19766.83931601447
1035,1035,340862.0088757053,4948.8130578710225
1036,1036,207290.9452765688,3189.719649131243
1037,1037,960683.5709118505,26053.515344926476
1038,1038,168856.73984575976,3268.3605448626886
1039,1039,593093.3242626374,12733.075477668968
1040,1040,116664.69744945395,2040.3047833019766
1041,1041,711014.4020634849,12523.090784923434
1042,1042,2691349.3567712526,47361.73393531569
1043,1043,309629.67739878944,2044.0706765193179
1044,1044,15886.55419547852,224.08120134686024
1045,1045,879605.6738693322,12482.281408732362
1046,1046,278544.00000000006,3789.00000000018
1047,1047,153243.50204603482,2674.044201826106
1048,1048,601683.5648708886,8424.28758662922
1049,1049,49940.81482422183,733.9571337806225
1050,1050,466642.47554983356,15010.739190338354
1051,1051,87818.08386641515,433.8713501655745
1052,1052,1257481.6511053487,26652.59472959402
1053,1053,268507.363599623,6083.200812033977
1054,1054,4776921.823478238,87778.18226455234
1055,1055,532601.4002038012,7135.695153527355
1056,1056,381648.0118952725,9897.922557229129
1057,1057,165212.16794643176,1974.9617875922877
1058,1058,2442287.705064954,43112.83903405863
1059,1059,1227417.9265276492,26704.078131102873
1060,1060,35064.856298033585,738.3578809584865
1061,1061,197759.04057740714,2227.7122996869157
1062,1062,1040167.9999999994,19497.0
1063,1063,2202581.948346008,21021.44684127567
1064,1064,424154.80317671224,6980.844481380555
1065,1065,368459.2665001417,6900.488873057997
1066,1066,538063.6406858463,7628.631689709377
1067,1067,400287.36322359915,9703.83808779158
1068,1068,69666.96706234253,1270.1862937343499
1069,1069,479809.4872894688,10412.318845044463
1070,1070,707602.327848192,18098.600600701207
1071,1071,726633.3343388794,18538.166143645703
1072,1072,497786.8085382432,7050.3475737098615
1073,1073,250897.49520710952,6921.440905274913
1074,1074,668576.8848717017,10878.36929410908
1075,1075,87077.00000000001,1523.4642361600086
1076,1076,188953.43257575363,2315.1523438793797
1077,1077,351540.1956328379,7330.931337947383
1078,1078,74486.08114231925,1267.9035703247512
1079,1079,1142622.2176694702,28961.689065204086
1080,1080,223848.72309406532,4542.632826242435
1081,1081,-1.0,-1.0
1082,1082,6087316.085411849,37721.44074898467
1083,1083,100249.8674373206,1536.2371838794766
1084,1084,799757.7419342143,19777.77037768035
1085,1085,340895.1841661204,4955.985765794507
1086,1086,208119.57083817918,3208.9304372932797
1087,1087,960846.6663198946,26065.38158798429
1088,1088,169551.98781602294,3282.944228354333
1089,1089,593189.2914382641,12805.968958348098
1090,1090,116717.4548155921,2042.064102116507
1091,1091,711330.2715044841,12538.431006264584
1092,1092,2691482.0886371946,47379.70975308899
1093,1093,309629.6842411666,2045.555986520207
1094,1094,15890.293376668624,224.2414524651134
1095,1095,885030.7128570543,12579.939816318025
1096,1096,278544.00000000006,3789.000000000182
1097,1097,153483.15624759853,2678.3761961742152
1098,1098,600901.6280662973,8446.412693342041
1099,1099,49952.67009367757,734.7720796545104
1100,1100,465367.53877360624,15078.120647886884
1101,1101,88204.4090168921,436.59719194093805
1102,1102,1264159.1076086115,26865.89835582068
1103,1103,268583.7435724812,6090.793904908289
1104,1104,4796914.597639128,88483.16399991812
1105,1105,534314.4380767987,7158.216580346376
1106,1106,383398.8512201578,9942.539627284083
1107,1107,166432.9829239371,1987.8005684458637
1108,1108,2451955.883910386,43359.485091688155
1109,1109,1230536.5699263334,26883.74761172785
1110,1110,35057.76893810693,743.4886929493244
1111,1111,198197.1482764245,2233.805836990715
1112,1112,1040167.9999999995,19497.0
1113,1113,2231837.032789229,21247.98535737586
1114,1114,425335.36783044896,7007.357196051664
1115,1115,369660.94929214445,6943.913042793546
1116,1116,540475.0417330267,7688.429100686268
1117,1117,399795.77232779417,9704.118025896098
1118,1118,70178.37033928551,1282.7398419090048
1119,1119,481534.1503074039,10461.622959167718
1120,1120,709334.6457228421,18128.198753847886
1121,1121,727897.8813861224,18568.260103035722
1122,1122,498064.4962606546,7056.092520156903
1123,1123,250199.231518773,6921.984327803163
1124,1124,670389.8152830327,10928.936856681985
1125,1125,87077.0,1525.114700849649
1126,1126,188557.36666592536,2318.1595326557735
1127,1127,352526.7281068145,7374.865949266757
1128,1128,74493.84152002182,1268.1668001849052
1129,1129,1148633.387163311,29080.55162881811
1130,1130,224401.9022364664,4555.399174089653
1131,1131,-1.0,-1.0
1132,1132,6184114.297000258,38469.203457857766
1133,1133,100270.58470166042,1536.872193924581
1134,1134,799771.8765456163,19788.446843541547
1135,1135,340928.3295033716,4963.040728596173
1136,1136,208949.18492482963,3228.2196666580016
1137,1137,961002.8146324587,26076.804253796356
1138,1138,170248.0521709296,3297.5857458355104
1139,1139,593242.4992658221,12878.689764091565
1140,1140,116769.35046266929,2043.794719255482
1141,1141,711643.0315599259,12553.604070917336
1142,1142,2691606.6955117625,47396.87567563938
1143,1143,309629.6910835429,2047.005706420272
1144,1144,15893.836103635735,224.39618682741667
1145,1145,890476.7541540179,12678.185006190195
1146,1146,278544.00000000006,3789.0000000001837
1147,1147,153719.3986360335,2682.646832229794
1148,1148,600106.2127195122,8468.436620069175
1149,1149,49964.410804665866,735.5783683919669
1150,1150,464075.8606017111,15144.814107075204
1151,1151,88591.39480120418,439.3360683870228
1152,1152,1270852.9537483682,27080.252428294538
1153,1153,268659.8396859391,6098.30791272534
1154,1154,4816932.989418804,89190.97688104016
1155,1155,536028.8720182983,7180.809587632659
1156,1156,385153.42727617454,9987.367020917109
1157,1157,167661.35975731665,2000.745948020335
1158,1158,2461636.155238816,43607.09972561941
1159,1159,1233632.912325089,27063.856867340124
1160,1160,35049.22892440102,748.6176309511221
1161,1161,198634.6849428926,2239.8886843401915
1162,1162,1040167.9999999994,19497.0
1163,1163,2261367.6313666734,21477.85388955595
1164,1164,426514.388757035,7033.841000834205
1165,1165,370863.2526270081,6987.473479605617
1166,1166,542890.956527117,7748.4891741986785
1167,1167,399304.57274389575,9704.378346977635
1168,1168,70693.37798290988,1295.3957340104268
1169,1169,483260.8146048234,10511.10621825179
1170,1170,711052.2009012334,18157.55088632963
1171,1171,729156.5465509829,18598.19333911101
1172,1172,498338.38919473556,7061.759074907291
1173,1173,249502.72454590746,6922.494788407734
1174,1174,672203.0830765166,10979.61132857579
1175,1175,87077.00000000001,1526.7363059384836
1176,1176,188157.1101820539,2321.124172446641
1177,1177,353513.5783590492,7418.920873067583
1178,1178,74501.08685726885,1268.414531645138
1179,1179,1154661.9904864135,29200.036556983578
1180,1180,224952.9271366517,4568.102469118315
1181,1181,-1.0,-1.0
1182,1182,6280158.7548436085,39223.47075087417
1183,1183,100290.95533764097,1537.4965861772969
1184,1184,799786.0096695494,19798.874939211117
1185,1185,340961.4448209293,4969.98053005774
1186,1186,209779.79877238424,3247.587425422552
1187,1187,961152.3113441623,26087.799010755054
1188,1188,170944.94443788106,3312.2851430186006
1189,1189,593253.2130217178,12951.232708728474
1190,1190,116820.398409822,2045.4971006039664
1191,1191,711952.7114641183,12568.61249788796
1192,1192,2691723.6735182614,47413.2664647461
1193,1193,309629.6979259183,2048.4206890570536
1194,1194,15897.192399543077,224.54557363342988
1195,1195,895943.9731598439,12777.019078960582
1196,1196,278544.00000000006,3789.0000000001855
1197,1197,153952.2763580727,2686.8569633761063
1198,1198,599297.5768597622,8490.360006025976
1199,1199,49976.038010567245,736.376123327257
1200,1200,462767.92299709906,15210.822178800563
1201,1201,88979.0504433072,442.08800150919126
1202,1202,1277563.3222029472,27295.65877946997
1203,1203,268735.6524163482,6105.74461863684
1204,1204,4836977.347676971,89901.62389524854
1205,1205,537744.7220681382,7203.474219345845
1206,1206,386911.779451761,10032.405172823424
1207,1207,168897.351461409,2013.7985202263342
1208,1208,2471328.677691089,43855.684079440456
1209,1209,1236707.1130757509,27244.40249511127
1210,1210,35039.27995494115,753.7444791992674
1211,1211,199071.64998517316,2245.960878324148
1212,1212,1040167.9999999994,19497.0
1213,1213,2291170.812803517,21711.076968977995
1214,1214,427691.8595515667,7060.295729753226
1215,1215,372066.19008691143,7031.170222779006
1216,1216,545311.4336310556,7808.812288309759
1217,1217,398813.782721026,9704.620399671325
1218,1218,71212.02191606336,1308.1546483215052
1219,1219,484989.50571613153,10560.768815541545
1220,1220,712755.110046769,18186.65900959174
1221,1221,730409.3488798093,18627.967098640038
1222,1222,498608.5387766953,7067.348297339168
1223,1223,248807.98769887263,6922.974253257198
1224,1224,674016.7005917153,11030.392621496956
1225,1225,87077.00000000001,1528.329556058065
1226,1226,187752.78766587502,2324.0466648742
1227,1227,354500.7547853521,7463.096134554245
1228,1228,74507.84899683748,1268.647593293026
1229,1229,1160708.1771674652,29320.145451263343
1230,1230,225501.8018851196,4580.743213902269
1231,1231,-1.0,-1.0
1232,1232,6375375.2890229095,39983.83303269877
1233,1233,100310.98512998593,1538.110537608497
1234,1234,799800.1413027965,19809.06073803191
1235,1235,340994.53005450894,4976.807696347329
1236,1236,210611.42352083573,3267.033802864405
1237,1237,961295.4394274624,26098.381027605705
1238,1238,171642.67602619444,3327.04246668454
1239,1239,593221.7053895089,13023.592685303303
1240,1240,116870.61244999594,2047.1717045573114
1241,1241,712259.3402529196,12583.45873125245
1242,1242,2691833.488634049,47428.91550889997
1243,1243,309629.7047682929,2049.801766831739
1244,1244,15900.371800803814,224.6897781163768
1245,1245,901432.5437496662,12876.444155123158
1246,1246,278544.00000000006,3789.0000000001874
1247,1247,154181.8359442783,2691.00743085118
1248,1248,598475.9756049373,8512.183488466657
1249,1249,49987.552758041114,737.1654644423173
1250,1250,461444.200053117,15276.147608366478
1251,1251,89367.38509278819,444.85301362548745
1252,1252,1284290.343370005,27512.119266615697
1253,1253,268811.18225799076,6113.105754481156
1254,1254,4857048.018497946,90615.10808243316
1255,1255,539462.0081561761,7226.210520342343
1256,1256,388673.94684753806,10077.654522500019
1257,1257,170141.0101385375,2026.9588835664638
1258,1258,2481033.608818318,44105.23931293078
1259,1259,1239759.3304032632,27425.38111656674
1260,1260,35027.964522147944,758.8690284976163
1261,1261,199508.04282949644,2252.0224551780125
1262,1262,1040167.9999999994,19497.0
1263,1263,2321243.4594904617,21947.678523566152
1264,1264,428867.773847027,7086.7212177739275
1265,1265,373269.7751669231,7075.003313263018
1266,1266,547736.521141849,7869.398827031254
1267,1267,398323.4189610763,9704.845442299275
1268,1268,71734.33401126356,1321.017269616422
1269,1269,486720.2490417079,10610.610946998575
1270,1270,714443.4891071233,18215.52511619637
1271,1271,731656.3076263814,18657.582606935757
1272,1272,498874.9957570716,7072.861232794904
1273,1273,248115.03295737453,6923.424574265049
1274,1274,675830.6800871022,11081.280648379232
1275,1275,87077.00000000001,1529.894947016088
1276,1276,187344.52124842207,2326.927414647922
1277,1277,355488.2657398101,7507.391759999543
1278,1278,74514.15800256572,1268.8667756365196
1279,1279,1166772.0951921786,29440.879929717088
1280,1280,226048.53067770234,4593.32190268285
1281,1281,-1.0,-1.0
1282,1282,6469692.407234037,40749.87096714098
1283,1283,100330.67976737577,1538.7142222581135
1284,1284,799814.271442224,19819.010164800893
1285,1285,341027.58514202,4983.524697305101
1286,1286,211444.0702151441,3286.5588893319728
1287,1287,961432.4698581259,26108.564986051653
1288,1288,172341.25822813011,3341.857764671046
1289,1289,593148.2562948681,13095.764666359573
1290,1290,116920.00615352558,2048.8189821396995
1291,1291,712562.9467604635,12598.145143793326
1292,1292,2691936.5785046574,47443.85486906021
1293,1293,309629.7116106667,2051.1497521988745
1294,1294,15903.383378683297,224.8289615590078
1295,1295,906942.6382947245,12976.462374849913
1296,1296,278544.00000000006,3789.000000000189
1297,1297,154408.1233155602,2695.0990639702272
1298,1298,597641.6611790853,8533.907702621738
1299,1299,49998.95608689516,737.9465085182765
1300,1300,460105.15805276553,15340.793269984079
1301,1301,89756.40782559953,447.6311273640992
1302,1302,1291034.1453924475,27729.6357713107
1303,1303,268886.42972240975,6120.393002319273
1304,1304,4877145.345214727,91331.43253460016
1305,1305,541180.7501030777,7249.0185363701
1306,1306,390439.9682792288,10123.115514209585
1307,1307,171392.38698492423,2040.2276410571583
1308,1308,2490751.105090739,44355.766601947624
1309,1309,1242789.7214124966,27606.789377413606
1310,1310,35015.323943733936,763.9910760336606
1311,1311,199943.8629197242,2258.0734507883412
1312,1312,1040167.9999999994,19497.0
1313,1313,2351582.2664947854,22187.681852004163
1314,1314,430042.1253147182,7113.117300797585
1315,1315,374474.0212755769,7118.972793660275
1316,1316,550166.2666954391,7930.249180259306
1317,1317,397833.4967447838,9705.054648692822
1318,1318,72260.34609479668,1333.984289136624
1319,1319,488453.06984902365,10660.632811286498
1320,1320,716117.4533084513,18244.151180227127
1321,1321,732897.442241363,18687.041068462106
1322,1322,499137.8102095548,7078.298912759403
1323,1323,247423.87098243344,6923.847495448157
1324,1324,677645.0337405821,11132.275323374884
1325,1325,87077.0,1531.4329659506823
1326,1326,186932.4306836867,2329.7668292454473
1327,1327,356476.1195350158,7551.807776739235
1328,1328,74520.04224359771,1269.0728323984047
1329,1329,1172853.891020422,29562.24162670695
1330,1330,226593.11781206125,4605.839021564305
1331,1331,-1.0,-1.0
1332,1332,6563041.499102579,41521.156543004865
1333,1333,100350.0448440256,1539.3078112830715
1334,1334,799828.400084779,19828.72899940241
1335,1335,341060.6100235166,4990.133947700209
1336,1336,212277.7498060656,3306.1627762352878
1337,1337,961563.6621192228,26118.365093266384
1338,1338,173040.7022199054,3356.73108586094
1339,1339,593033.1527383286,13167.743704199564
1340,1340,116968.59287166035,2050.4393771208124
1341,1341,712863.559616221,12612.674040432825
1342,1342,2692033.354150839,47458.11532353899
1343,1343,309629.71845303965,2052.4654381443415
1344,1344,15906.23576011313,224.9632813155072
1345,1345,912474.427682436,13077.075897789333
1346,1346,278544.00000000006,3789.000000000191
1347,1347,154631.18378973074,2699.1326803396814
1348,1348,596794.8829301302,8555.533281637705
1349,1349,50010.24902996678,738.7193692789284
1350,1350,458751.2555312108,15404.762161402256
1351,1351,90146.12764478281,450.4223656608455
1352,1352,1297794.8541838126,27948.210198946203
1353,1353,268961.39533776056,6127.607995924532
1354,1354,4897269.668432787,92050.60039543234
1355,1355,542900.9676210999,7271.898314063408
1356,1356,392209.8822805345,10168.788596944807
1357,1357,172651.5322966856,2053.6054001511
1358,1358,2500481.321906468,44607.267138313175
1359,1359,1245798.4420951342,27788.62394736934
1360,1360,35001.39839303481,769.1104251987937
1361,1361,200379.1097171164,2264.1139006972617
1362,1362,1040167.9999999994,19497.0
1363,1363,2382183.7407860416,22431.109597725008
1364,1364,431214.9076646663,7139.483815657931
1365,1365,375678.94173544174,7163.078708215588
1366,1366,552600.7174714981,7991.363743710936
1367,1367,397344.0300475359,9705.249113661135
1368,1368,72790.08995068152,1347.056404567843
1369,1369,490187.9932737477,10710.834609756374
1370,1370,717777.1171503077,18272.53915767236
1371,1371,734132.7723621123,18716.343667421283
1372,1372,499397.03153970814,7083.662355036367
1373,1373,246734.51121947175,6924.244658958118
1374,1374,679459.7736500072,11183.376561845997
1375,1375,87077.0,1532.9440914820048
1376,1376,186516.63338253918,2332.565318604741
1377,1377,357464.32444229454,7596.344213166602
1378,1378,74525.52847584589,1269.2664818010853
1379,1379,1178953.7096030028,29684.232192705305
1380,1380,227135.5676842748,4618.295048704292
1381,1381,-1.0,-1.0
1382,1382,6655357.021482801,42297.25416859083
1383,1383,100369.08586123768,1539.891473004457
1384,1384,799842.5272274886,19838.222880352525
1385,1385,341093.6046411483,4996.637808459702
1386,1386,213112.47315097234,3325.845556036774
1387,1387,961689.2646844562,26127.795094294474
1388,1388,173741.01906269588,3371.6624801705807
1389,1389,592876.6886260395,13239.524931119706
1390,1390,117016.38574003818,2052.033326130657
1391,1391,713161.2072423744,12627.047661474246
1392,1392,2692124.2015746087,47471.72641197182
1393,1393,309629.72529541183,2053.7495986518798
1394,1394,15908.937147730852,225.09289083885702
1395,1395,918028.0813359509,13178.286902867509
1396,1396,278544.00000000006,3789.000000000193
1397,1397,154851.06208808554,2703.109086063421
1398,1398,595935.8873478051,8577.060856518818
1399,1399,50021.43261301591,739.4841575266018
1400,1400,457382.9433412703,15468.057398665598
1401,1401,90536.55348118248,453.2267517566886
1402,1402,1304572.5934531267,28167.844478233652
1403,1403,269036.0796481817,6134.75232222752
1404,1404,4917421.326053563,92772.61485985333
1405,1405,544622.6803148671,7294.849900937752
1406,1406,393983.72710596776,10214.67422439302
1407,1407,173918.4954754185,2067.092772660153
1408,1408,2510224.413600156,44859.74212970274
1409,1409,1248785.647336621,27970.881519991635
1410,1410,34986.22692876096,774.2268854135423
1411,1411,200813.78270010036,2270.143840106858
1412,1412,1040167.9999999994,19497.0
1413,1413,2413044.200684185,22677.983722926634
1414,1414,432386.1146459989,7165.820600117988
1415,1415,376884.5497836867,7207.32110280491
1416,1416,555039.920198149,8052.742918861187
1417,1417,396855.03164573817,9705.429858125508
1418,1418,73323.5973245019,1360.234320018129
1419,1419,491925.044320842,10761.216546432232
1420,1420,719422.5944012319,18300.69098678849
1421,1421,735362.3178028398,18745.491568322406
1422,1422,499652.7084935841,7088.952563922518
1423,1423,246046.9619932386,6924.617610799669
1424,1424,681274.9118336892,11234.584280355815
1425,1425,87077.0,1534.428793861184
1426,1426,186097.24444684712,2335.3232948272444
1427,1427,358452.88869192963,7641.001098727044
1428,1428,74530.64192066061,1269.4484078386508
1429,1429,1185071.6943980898,29806.85329410469
1430,1430,227675.88478551683,4630.690454499582
1431,1431,-1.0,-1.0
1432,1432,6746576.66382167,43077.72178845952
1433,1433,100387.80822892886,1540.4653729539318
1434,1434,799856.6528674561,19847.49730825673
1435,1435,341126.5689391132,5003.038587869996
1436,1436,213948.2510146628,3345.607322242093
1437,1437,961809.5154816189,26136.868284324963
1438,1438,174442.2197036236,3386.6519985383925
1439,1439,592679.1645987589,13311.10355962126
1440,1440,117063.39768210679,2053.6012587725877
1441,1441,713455.917851488,12641.268185662444
1442,1442,2692209.483270033,47484.716478339215
1443,1443,309629.7321377831,2055.002989158432
1444,1444,15911.495339160274,225.21793971319335
1445,1445,923603.7672332036,13280.097588091829
1446,1446,278544.00000000006,3789.0000000001946
1447,1447,155067.80234200115,2707.0290759417067
1448,1448,595064.9180817838,8598.491056071025
1449,1449,50032.507854628595,740.240981270842
1450,1450,456000.6647216085,15530.682210998939
1451,1451,90927.69419414928,456.04430919527016
1452,1452,1311367.4847292441,28388.540560718535
1453,1453,269110.4832131859,6141.8275227175
1454,1454,4937600.653297675,93497.4791735955
1455,1455,546345.9076821405,7317.873345384689
1456,1456,395761.54073364235,10260.772854901214
1457,1457,175193.32503338644,2080.690374678775
1458,1458,2519980.5334515516,45113.19279953377
1459,1459,1251751.490923162,28153.558812509324
1460,1460,34969.84752415847,779.3402719576336
1461,1461,201247.88136404334,2276.163303883502
1462,1462,1040167.9999999994,19497.0
1463,1463,2444159.7755375784,22928.325482648805
1464,1464,433555.7400472987,7192.1274928673
1465,1465,378090.85857264185,7251.700024924355
1466,1466,557483.9211566168,8114.387112880916
1467,1467,396366.51321451325,9705.59783393781
1468,1468,73860.89992710993,1373.5187459968643
1469,1469,493664.2478656469,10811.77882799673
1470,1470,721053.9980949499,18328.6085884447
1471,1471,736586.0985450998,18774.4859165322
1472,1472,499904.8891662373,7094.170530379791
1473,1473,245361.23059522983,6924.9678062500225
1474,1474,683090.4602309079,11285.898396660159
1475,1475,87077.00000000001,1535.8875351166582
1476,1476,185674.37670373416,2338.041171891778
1477,1477,359441.8204733866,7685.778463912715
1478,1478,74535.40634070881,1269.6192615334844
1479,1479,1191207.9873873,29930.1066130298
1480,1480,228214.0736988223,4643.025701767083
1481,1481,-1.0,-1.0
1482,1482,6836641.49288549,43862.11201598602
1483,1483,100406.21726713372,1541.0296739194039
1484,1484,799870.7770018613,19856.557649183047
1485,1485,341159.50286361057,5009.338542751548
1486,1486,214785.09407016318,3365.4481693910725
1487,1487,961924.6423369445,26145.597520822477
1488,1488,175144.3149767328,3401.699692913496
1489,1489,592440.8878592929,13382.474882596007
1490,1490,117109.64141249348,2055.1435977345595
1491,1491,713747.7194444528,12655.33773307389
1492,1492,2692289.5396442288,47497.112713011105
1493,1493,309629.7389801535,2056.2263469985755
1494,1494,15913.91774554866,225.33857369071592
1495,1495,929201.6519254639,13382.510170357185
1496,1496,278544.00000000006,3789.0000000001965
1497,1497,155281.44809954197,2710.8934336633174
1498,1498,594182.2159600059,8619.824506847935
1499,1499,50043.47576613068,740.9899458502991
