ID,Confirmed,Deaths
0,518031.2260476504,10564.28226941335
1,63033.27887754195,313.008734073465
2,842051.5343954271,17015.435305652903
3,330431.1003512855,5625.733947425535
4,3671592.41649565,59537.03634645716
5,462835.92436405295,6115.050620116176
6,312838.084736849,7904.070909253522
7,95336.11243583789,1566.5128921235073
8,2063870.343976781,33465.60203863428
9,1060365.8936279046,19101.83474322858
10,30834.403727673474,461.67255711832723
11,180757.89780899923,1957.4142970959413
12,1248568.3784281393,23586.90287843164
13,687687.5932824868,13055.21106186341
14,352046.76129327697,5748.638786293757
15,303833.2548335621,4871.322370522185
16,427447.2644559088,5979.281818181781
17,445247.39852204535,10167.342905979443
18,50772.159321367464,745.4749390681793
19,412897.70514841774,8283.614296760356
20,637839.2576720255,17220.808887979612
21,756685.0994485,17171.27143497537
22,520856.28709684074,6901.063185108196
23,305348.2885181955,7033.983714785965
24,581966.8946020924,8840.935498170595
25,104684.03486704105,1441.190465622783
26,209247.74307791586,2207.4775931624554
27,303475.59625322174,5253.778484460377
28,84599.67099045482,1246.333444091871
29,914781.5905289003,24592.152988059777
30,191736.87850018224,3936.499257734179
31,1876319.5423760256,50197.81932349004
32,914624.6260684368,12124.065357028023
33,103211.42524775621,1502.3898387476895
34,1019488.7759896577,19035.943568568713
35,439944.86289481586,4871.069844532807
36,165293.78590829342,2405.7484188218677
37,1032302.7557999761,25077.916512632954
38,137595.14811509353,2620.8860487140037
39,552345.0350239264,9164.244881586299
40,117938.44881150324,1940.0566151165206
41,812164.7840297059,11936.150184846596
42,2795990.966704121,48548.69186753631
43,385982.875158938,2134.0147858807636
44,19471.756067302475,226.0806341349356
45,620905.6776576997,10346.89362105323
46,365102.4320049697,5257.068200822296
47,142213.33069319377,2636.974331025756
48,637717.9339486919,7304.9436708462945
49,56346.87754515372,695.3470335044233
50,519747.48141727864,10584.06322652163
51,63035.28852877047,313.07435140254086
52,842715.6439680513,17071.145800905855
53,330518.6576677302,5631.167661606898
54,3674304.7873840374,59753.70387693737
55,463938.00328986405,6116.680156431408
56,315193.4473023206,7911.036184242436
57,95597.03314811038,1570.9789351841875
58,2069698.4100357683,33583.146758048824
59,1061162.4853209793,19147.417144982872
60,31024.865790093252,461.7686136413768
61,180951.52180718633,1955.6431957868213
62,1251473.1486232297,23609.86619304666
63,688707.7391024682,13067.344314646643
64,352605.0812219019,5755.025189363383
65,304155.22481178987,4883.482933605184
66,428053.48170293693,6018.817868338524
67,445458.678726968,10177.97628987093
68,51072.353814564354,743.0230023611185
69,414350.0233089447,8285.953686790746
70,640683.6569388699,17245.752401117825
71,765119.1234996817,17177.2398087938
72,522505.04063651006,6833.536648426636
73,305425.1275300555,7043.075628802586
74,582422.5462904945,8792.883153308096
75,104842.03680003303,1442.8399070291969
76,209489.26323680423,2210.07214942294
77,303616.7614377358,5259.4957620162
78,85048.44356416116,1252.0442308343556
79,920508.2502002433,24607.52551858725
80,191916.98677000936,3938.489099639928
81,1871888.9210958504,50257.56099866812
82,916876.9411623504,12136.228203064147
83,103370.41367102941,1503.2825528196956
84,1021385.6431784157,19046.008850136317
85,440236.7976028178,4928.022712525053
86,165641.7232652851,2420.4697712508582
87,1039581.6758339842,25058.62665689389
88,138098.20159204528,2622.146221446059
89,553447.09844278,9177.679975215211
90,118226.39173214854,1940.341105052895
91,811486.2215663171,11928.46258096808
92,2799035.6500935093,48699.31350808413
93,386365.4276982783,2139.568012152863
94,19625.719857883134,225.76386931214245
95,622562.6920467832,10253.951776148317
96,365977.89017242857,5262.066717458345
97,142771.30987380646,2697.814785770031
98,638208.4228013465,7307.085747299762
99,56430.577995139334,695.8810130839033
100,521280.0473590585,10587.748678340984
101,63267.48374574869,313.48150134322754
102,843340.2324096214,17084.882111102874
103,330676.2078293114,5636.991441778677
104,3675909.4868051005,59886.854783464245
105,465122.1797598118,6123.3009592159415
106,315854.9043372074,7907.739047263303
107,95796.64916992342,1577.1627497366014
108,2076011.705908533,33634.091763036486
109,1062388.4000225952,19181.047042457572
110,31182.4803105213,462.4087911396364
111,181065.9782422948,1950.9817011885877
112,1255063.2885417934,23632.285811969163
113,689963.574041312,13075.537443835405
114,353075.87468281906,5760.869669736543
115,304128.22474493727,4881.254503941773
116,428558.5384123618,6058.353918495274
117,445284.683490525,10187.209825211148
118,51367.12520344941,741.7699638428563
119,415651.9044235717,8291.273525350758
120,643352.0884144708,17276.545780796565
121,773292.9760550996,17219.562431124647
122,524324.8293043689,6857.6925082817725
123,305481.4150446108,7054.303651636779
124,582829.8106902005,8792.76128017755
125,104946.98647272136,1443.669088151237
126,209850.66565368933,2205.522652194267
127,303545.8360717855,5267.63888732544
128,85513.50690228169,1252.9119448969461
129,926664.0800114194,24632.139530367196
130,192069.46484310352,3940.198926820921
131,1890188.120900515,50372.02372440191
132,917790.2019168808,12110.942281663847
133,103534.80921707986,1503.9354044924353
134,1023629.8099983516,19053.279684033172
135,440665.22770692804,4924.669873491153
136,166040.24683930303,2425.5610066404233
137,1043200.3185634484,25070.460125105674
138,138232.0803940488,2620.5633963505397
139,554572.7480371373,9189.407358936356
140,118491.686020497,1942.8996283912045
141,813507.736902003,11916.239490342721
142,2801152.6882907855,48823.7076217788
143,386748.0616012686,2138.260213907767
144,19762.7540591705,226.3712940127109
145,624248.1583162474,10277.263289604072
146,367418.29241069197,5263.990631619819
147,143180.98129797308,2727.87179455623
148,639609.7905257922,7318.074503115486
149,56420.3479461393,697.2294435642843
150,522170.95163350774,10589.310532589192
151,63127.252753609224,313.65526697742564
152,844135.5821054876,17089.90088590135
153,330774.3400899164,5641.661604352479
154,3678383.9403824685,59980.55061645924
155,465788.0699450929,6120.991013496551
156,316151.1571633203,7901.7411351249775
157,95841.92538247939,1575.8716172262132
158,2081543.085944411,33666.54829421028
159,1063306.9016136602,19182.703248790996
160,31261.55643527046,463.0578893868819
161,180914.71701576893,1948.1909747848156
162,1257597.0760912506,23643.7781016683
163,691012.7341301865,13086.22318010843
164,353209.27104507905,5755.2069067375905
165,304071.1091704055,4872.9410259968245
166,428816.1930762314,6097.889968652021
167,445402.5586573341,10193.359824074018
168,51624.35127863934,747.2248101385031
169,417096.8418010655,8289.729306770432
170,645616.2821992646,17302.144253563805
171,773673.6363521984,17248.898964868025
172,526603.8796747699,6980.527945763045
173,305534.39720935596,7060.015666783629
174,583275.7079034599,8790.0705866713
175,104988.27927149915,1443.1449339271646
176,210142.20852950722,2196.1398809395055
177,303434.29058644664,5268.172205685041
178,85965.75501887753,1253.37722969391
179,930666.5499568386,24620.504321727294
180,192153.7716274564,3939.5448640002155
181,1920743.7230962939,50490.72867827094
182,918215.3318810473,12080.142612689056
183,103593.19098109865,1503.8189010714796
184,1025120.0603389491,19066.71651386562
185,440957.9892424969,4937.907248124875
186,166443.74980339152,2426.424903928442
187,1047502.466018834,25074.843685548825
188,138381.32788077727,2620.28917088311
189,555343.7983118074,9208.591398516044
190,118603.83987915766,1943.7413637958837
191,814675.6030636067,11906.107537772194
192,2802342.8466783874,48870.89704674612
193,387094.8524409712,2139.2852628968417
194,19956.763152897372,226.68890589242073
195,625563.9245464918,10505.62508726068
196,367870.22796200507,5263.756939418034
197,143615.6060498307,2654.0881018873724
198,639656.2632861037,7324.104323786245
199,56441.89816824447,697.3279768324023
200,523172.2643340186,10591.740807978184
201,63442.08519768273,314.05780305717246
202,844686.1056331353,17083.862004969917
203,330900.7209032255,5643.521651976482
204,3680068.94037301,60025.78661231455
205,466179.5979293087,6123.070972157505
206,319583.353019614,7906.631952027921
207,95978.60667084309,1585.7997646973881
208,2085736.868969523,33709.443057544835
209,1064106.6698473506,19227.309645682577
210,31317.131797511116,463.3350923719271
211,181208.08161048545,1948.1003891761516
212,1260251.9298598757,23648.67602841795
213,691874.5765057703,13087.649602744437
214,353860.36320966814,5759.110752481521
215,304237.415249157,4887.758375552538
216,428929.04233387596,6137.426018808747
217,445892.4457921038,10190.587369659761
218,51889.99373323038,744.9145997073199
219,418403.54049980117,8283.630661504096
220,647697.5332343668,17303.362500408693
221,789138.523430773,17290.242942131325
222,528738.1543574363,6997.1750500780145
223,305648.26667795656,7058.880382832752
224,583933.3357650205,8792.498604149525
225,105125.00808288905,1444.3748353172602
226,210452.28346854847,2178.202938320198
227,303346.4544378593,5270.153542700642
228,86401.70547377717,1252.6950102850558
229,935387.9075654461,24620.324802408795
230,192238.75383109998,3942.3979580597434
231,1912466.169440132,50235.1696692914
232,923282.6839161837,12106.64985083765
233,103658.95076636391,1503.8976740271814
234,1027449.7016073721,19077.095944779376
235,441467.9091032433,4971.718716175439
236,166826.02950472065,2430.724144820937
237,1051871.7366042016,25093.560198697895
238,139225.11387334517,2625.665306320906
239,555929.5235693823,9205.701976167475
240,118742.49021556912,1942.7407720468339
241,816056.0062102263,11921.972336147064
242,2803581.476138952,48977.2658929393
243,387324.01071775233,2142.9836067288384
244,20109.576082517688,226.90894795396594
245,626848.5929361884,10493.984792386807
246,369253.20922590385,5267.332999055365
247,143968.86850771363,2634.753437696092
248,640913.4640506885,7327.671875776405
249,56545.04812131946,697.3565890618898
250,523336.11477323517,10597.536207991348
251,63806.57238512511,313.76387751676873
252,844754.0710646212,17080.9870671483
253,330998.4599038638,5644.499002809808
254,3682863.6349376272,60131.68504165562
255,466816.4302711913,6127.410872729928
256,321308.0028558985,7910.41724856653
257,96247.84987320122,1591.9818871349594
258,2090713.188257811,33766.79491040035
259,1065349.2442994225,19268.41110246807
260,31479.714362671766,463.42841893150467
261,181384.94413330022,1952.3808432751416
262,1263553.3267126018,23654.593092104165
263,692879.624302129,13092.219952317893
264,354621.62486048223,5764.720254775952
265,304243.0168098822,4889.291983203697
266,429512.8494805562,6176.962068965452
267,446289.17079271836,10216.028871768658
268,52135.822072096824,746.0399199859318
269,419591.3748824507,8284.839112673857
270,650261.790078753,17305.0718854204
271,798368.0838514869,17333.642749769373
272,530872.1024710552,7053.584881515216
273,305752.89143248525,7069.899627041948
274,584848.6313520806,8795.698981103411
275,105255.39083845643,1444.9986482685786
276,210721.37678965903,2178.8244791559646
277,303200.87465547735,5276.8864658653465
278,87011.22677520002,1256.1395765240984
279,940695.6240202577,24641.411392317754
280,192371.05086823477,3944.929367778067
281,1911047.3108656006,50471.037207900845
282,924248.1541864912,12084.236368537178
283,103904.94821564518,1504.5211459976376
284,1029665.0637395184,19086.132690824037
285,441046.1670104102,4977.6305319901
286,167345.0062747496,2432.2859847979144
287,1054895.5885525797,25124.95310129228
288,139477.45532807245,2630.850366360364
289,556430.0774667035,9212.416898214891
290,118858.01599735464,1943.375090255087
291,817193.9147005307,11937.35421598221
292,2805433.982011833,49107.88467443893
293,387663.43024905573,2146.7213733673107
294,20191.610199226918,228.1259722160821
295,628162.4947164543,10654.976019527723
296,370191.0785994888,5274.4433322359255
297,144475.44292870114,2604.027054673224
298,642470.7874469126,7329.785221540777
299,56612.015325752,697.9435966961863
300,523072.5421514303,10608.73523784271
301,63710.77448848421,314.0074812311163
302,844930.4331115815,17106.212407106832
303,331156.230285772,5645.484329079663
304,3685482.5470236023,60347.78680164664
305,468161.33368706214,6128.171229453225
306,322955.59578253387,7920.489264608337
307,96668.66857423971,1598.9020183347357
308,2096593.0812346183,33826.85647118282
309,1066645.4172282922,19386.28541278051
310,31516.264424802852,465.75976420307865
311,181672.01423477553,1952.0090097044783
312,1267772.5618879676,23664.74554995536
313,694101.4088394897,13096.250993480004
314,355573.6796645651,5767.457623432645
315,304444.9918004365,4910.822134061071
316,430163.4222630168,6216.4981191222205
317,446531.3122119616,10237.274903828391
318,52419.82507716644,744.7265913028361
319,421006.11513284675,8289.973399588554
320,652774.1134656485,17361.275379261453
321,808546.9532749879,17357.977899287165
322,532303.2256876549,7050.597722394107
323,305758.6557631633,7075.475485020988
324,585887.4610287963,8856.911586409442
325,105295.51043311352,1447.8631450496976
326,211045.15756879735,2203.4802230063005
327,303352.6787770499,5284.029229703578
328,87540.79539124135,1261.8388023366524
329,945767.5906106869,24705.95014682609
330,192516.9651826315,3947.5129825364043
331,1929638.9503153926,50649.480829240274
332,924604.3858381158,12078.34408896368
333,104075.07459212409,1505.1114888398672
334,1031892.2317850816,19089.914946723766
335,441546.9022961118,4836.858173160004
336,167928.4732415654,2441.2712046622273
337,1063395.1603957233,25136.957472759055
338,139846.2601146574,2632.6157414021227
339,556902.7085309371,9225.064620851472
340,119072.18213136218,1944.7267490432107
341,817151.7473695222,11963.419808217639
342,2807796.3848503036,49264.58335919684
343,388150.46218661126,2149.8635949418476
344,20344.07961590763,228.36786017157615
345,629391.1599962027,10553.685579653365
346,371389.4048511458,5283.1735177444625
347,145015.75606555614,2676.9125563145617
348,642819.8777144516,7342.880248597388
349,56649.63266905699,698.1353157015249
350,521566.2186833864,10618.854057142717
351,63992.55467789488,314.4817226303195
352,845346.4320612226,17145.007024404804
353,331210.6892306981,5648.21890193161
354,3687034.252047621,60504.12861571729
355,469446.93837597617,6136.689176825427
356,325457.9107617969,7926.103784891946
357,97100.57953231639,1604.1331155787718
358,2102952.7504233336,33951.65683342515
359,1067808.4328682204,19488.18551299984
360,31675.05809533051,466.82886658180416
361,181816.33213532294,1949.224367488622
362,1272493.151603626,23677.541168077427
363,695424.9749435915,13107.109384507197
364,356470.7651448334,5774.761391569764
365,304447.0517043531,4915.174563999801
366,430813.56943517097,6256.034169278963
367,447060.59970865794,10247.597193210324
368,52737.68124583226,749.5543639545926
369,422825.03713929275,8288.270999080765
370,655662.8248298342,17391.151409461578
371,825947.6041161581,17396.036586680795
372,533698.1372253613,7130.972048277714
373,305925.51706522953,7081.345639807273
374,586624.2739726916,8793.303975840581
375,105481.15487178623,1449.1013198230603
376,211231.9823360507,2223.7597631754315
377,303694.6120166708,5286.641004417086
378,88283.48879438319,1261.9545563266204
379,951831.107422879,24753.830469627523
380,192660.17624177889,3955.115457400399
381,1943444.506602435,50909.038552792386
382,927542.7276489798,12122.452811296334
383,104265.74560770995,1506.071479250666
384,1034256.7971138046,19098.242116853653
385,441696.58956847916,4879.654355331386
386,168495.63300624944,2446.5679499419657
387,1069885.0056308494,25156.86077549397
388,140188.31574592143,2634.259925515837
389,557479.7342026207,9238.729007035228
390,119370.197095666,1945.4573653291654
391,817955.2714059361,11978.274178885724
392,2809352.6918715895,49427.90422349625
393,388520.9903521497,2157.5915676431637
394,20504.636949431737,229.6137298190833
395,630636.1575817154,10688.322616506643
396,372575.239098501,5296.215118349099
397,145566.30498137316,2473.570429017762
398,645274.2103585666,7345.832901232537
399,56653.139257448434,698.1631100491047
400,520318.0751878818,10631.793962677639
401,64084.101941004,315.00769162880954
402,845923.268501312,17164.844489247367
403,331313.81635202444,5652.130530182945
404,3689842.9847475896,60625.48744330853
405,470575.27608011663,6136.13384458549
406,328827.16386609693,7929.098010827787
407,97338.10671270904,1615.9550871697613
408,2108864.8320724014,34062.02488663128
409,1069088.5450712913,19565.364970690374
410,31963.770449464544,467.81302900519927
411,181928.3896248035,1948.1477745763063
412,1276841.0895522407,23704.7353229252
413,696844.4048939135,13114.92624863821
414,357251.0907183971,5779.713908842906
415,304538.65098196553,4927.698796489589
416,431311.15879443346,6295.570219435681
417,447000.50551206886,10255.002496398813
418,53060.52818565298,748.6181724723047
419,424589.50095423264,8292.712413368969
420,658939.9139592488,17399.097077458533
421,838870.7389268756,17434.435481208257
422,535656.8387082927,7126.381017571419
423,306145.0739527314,7088.195968799249
424,586787.1567972734,8823.455254294622
425,105690.38483235126,1450.0080531628662
426,211661.33892569644,2234.2340803538873
427,303745.85785798635,5292.215949338575
428,89090.99224947856,1263.5229937623112
429,957993.1511603273,24782.365671266238
430,192802.94610993072,3958.606560878652
431,1954485.0112777622,50869.46140212989
432,930388.6043540168,12126.548071081095
433,104456.23798308187,1506.7841181996491
434,1037302.3430648488,19103.495445494867
435,441929.38468991057,4992.068833796797
436,169081.56857708297,2449.427071116792
437,1078303.69814126,25179.76412396826
438,140535.9408560806,2635.259678497125
439,558278.9272624671,9245.008703090836
440,119578.79417494609,1945.1311486687655
441,817068.0339512592,11966.525306017344
442,2812351.587999991,49572.131559747526
443,388849.2937199675,2163.916951191758
444,20703.953755033697,230.9008138336403
445,632009.3478986426,10696.636027183686
446,373638.3504958876,5297.761106897829
447,146175.89427507608,2502.0377760226916
448,645772.9105982992,7352.147157938345
449,56748.467205364694,698.2389217216266
450,519016.94796239457,10636.791668877042
451,64181.2623138792,315.0630712449156
452,846561.190995659,17182.490127748926
453,331438.6828783805,5654.064325952113
454,3690904.6296412814,60782.217706262934
455,471744.97888532974,6138.0033548807205
456,330276.0075324013,7932.876910509804
457,97589.6837353633,1620.931664361333
458,2115359.055514318,34137.488083255565
459,1069568.85905356,19612.094407276774
460,32119.5514620564,470.5268733303418
461,181944.73988758939,1944.8583297662794
462,1281120.772154673,23723.810790343592
463,698226.4467263182,13123.966681768507
464,357642.78716353874,5783.893585729053
465,304518.70459485694,4922.250745367887
466,431732.65359741135,6335.106269592442
467,446983.33033153554,10247.169248546914
468,53369.56588231936,749.5392701681301
469,426083.10888736864,8303.197435401233
470,662065.6626011073,17423.60921194889
471,851668.7875361063,17504.43183174067
472,537343.9022490263,7215.486938139054
473,306288.4159114797,7099.876225702983
474,587135.0517380096,8813.81573929243
475,105711.48109254522,1451.372490084971
476,211956.6970543767,2227.58689141614
477,303786.8982532095,5299.528504461328
478,90069.93056415897,1266.8878003203777
479,963949.6261243885,24826.710258803832
480,192903.97680329063,3966.612149941564
481,1952651.7099159905,50675.41701397617
482,930150.7281429507,12128.623889568256
483,104663.32096954892,1507.2850770420036
484,1039377.3329162197,19118.38565638091
485,442300.0042137668,5026.782915335794
486,169693.0229055,2446.8762987347995
487,1089005.4321727422,25217.26050082551
488,140711.6630944794,2634.5142457162174
489,558852.7325540519,9267.453205845497
490,119903.00420569515,1947.2577315699598
491,818026.3584507145,11956.619344085113
492,2814073.6172196344,49684.80708332587
493,389222.9385868309,2167.64687130691
494,20889.29665970828,231.99394296670042
495,633332.6634905048,10832.526237047463
496,375247.0396270078,5298.047540165595
497,146717.6556813232,2307.7712878623533
498,647161.3802896182,7352.109178735045
499,56742.56572115242,698.0252329999628
500,519265.2698151133,10638.495883811303
501,64020.482662876086,315.3853419459747
502,846835.0007849153,17180.11420571839
503,331594.6585598035,5653.8744904699015
504,3692927.115578974,60823.924951127854
505,472360.53483078245,6139.693106783145
506,331341.547479515,7935.305472789684
507,97757.35138782434,1626.1849193804399
508,2121403.8177266503,34143.617884915
509,1070202.3416258446,19597.894559136086
510,32140.332033845916,471.0957676730778
511,181756.54253070074,1942.7753486500903
512,1284887.579792717,23724.599074447706
513,699501.2722953467,13129.840036930778
514,357814.18521503935,5782.481008606939
515,304466.47416031506,4917.405318364048
516,431917.9010571783,6374.6423197491995
517,447103.0885794291,10237.129071647614
518,53632.46771153344,749.0500646023295
519,427788.82223456097,8311.366246207035
520,664716.4332529623,17455.879345804195
521,852927.1880014536,17546.780258846156
522,540257.0438334611,7069.609315814321
523,306345.1124300319,7104.815250561895
524,587503.5950859104,8826.822247814865
525,105849.854383971,1451.496465392779
526,212310.6720723304,2214.4163938856873
527,304007.09103214124,5299.223445408293
528,90932.27333233182,1267.8964216802863
529,969822.6599665941,24842.118599949074
530,193039.90427382666,3972.659305771536
531,1945736.3811794338,50674.41702622377
532,930353.0526677065,12151.462516767799
533,104707.00792547717,1507.032584953872
534,1041462.2091395273,19125.037551748705
535,442375.62799852766,4978.817085833889
536,170348.23543914384,2441.4868744381247
537,1091696.1632426195,25230.43340882229
538,140806.01739338372,2632.7440792030225
539,559126.4146743835,9272.040999429923
540,120087.94545702764,1947.451559159693
541,819783.5375215721,11926.596868003215
542,2815999.853134123,49727.29630800936
543,389576.32170045795,2165.456832843852
544,21129.475156679866,232.86610435740027
545,634377.1304037306,11065.78768186532
546,375808.3683315874,5297.176439757033
547,147252.27467109152,2519.6167511762837
548,648352.4624813038,7356.134829469434
549,56760.61946521986,698.0838621970192
550,519441.21181028057,10636.158131088829
551,64279.36500546321,315.3259742947992
552,846604.6846143235,17184.326774753245
553,331666.09950462123,5655.639314493332
554,3695000.5848812647,60839.555035327714
555,473296.7334469618,6133.61353094049
556,335991.188621705,7947.040279369883
557,98320.31078388894,1634.636215891296
558,2126347.0493624816,34235.35989761668
559,1070808.822471805,19610.956022634215
560,32226.393601967357,471.2469391207033
561,181941.17233208165,1947.4024337962983
562,1288043.9129504035,23729.323688357887
563,700538.8187385469,13132.621015505038
564,358362.2045114939,5785.243929464803
565,304552.60583750694,4921.3829910493305
566,432149.0434859539,6414.178369905922
567,447580.88275888655,10254.227335660755
568,53870.56278763488,749.4058962989942
569,429529.03551760264,8319.760160595742
570,667576.8010158521,17462.412000782475
571,878342.6706427513,17591.092506988105
572,542459.485229332,7292.59098537016
573,306400.4068400628,7104.804126969161
574,588192.3430361239,8834.879931217307
575,105950.60129744184,1451.516607625989
576,212542.88710298025,2200.519318218786
577,304164.6435009641,5301.358191640986
578,91865.82874728559,1270.5795360109437
579,974514.0187886031,24860.98542543453
580,193147.92444210986,3982.0666086868987
581,1969945.4621164384,50876.23247744648
582,937697.9056333127,12213.590985371327
583,104804.89253963876,1507.3302160727076
584,1044367.7359737365,19134.7830382767
585,443096.4683997336,5079.393925768572
586,170984.8733767016,2434.947678896714
587,1095792.690387465,25226.92466810542
588,141782.19030926455,2638.2647278626796
589,559455.8110160378,9274.222870764932
590,120195.22143074288,1946.8589757767083
591,820247.2425307372,11962.157234690916
592,2817369.4303480065,49808.45700624847
593,389837.90976728493,2176.407852704575
594,21385.78953967649,233.92324089767342
595,635356.0898808702,11241.960445423967
596,377556.47690201947,5304.564324136134
597,147751.72534822134,2687.40153668461
598,649861.328850338,7350.3898817794
599,56855.04317132884,698.0716322245656
600,521281.12392578926,10640.296106250116
601,64804.656208896384,315.40507376565415
602,846672.4462381293,17206.902989483508
603,331751.8873016399,5654.1882294810675
604,3696530.502124349,60965.103078465036
605,474231.70363533986,6144.40611745501
606,338907.24353689497,7953.364018337936
607,98456.4618991725,1645.118194046611
608,2132405.622193557,34269.28779792927
609,1071828.615623023,19619.323402245835
610,32375.737654331337,471.54907669803913
611,181987.56900340578,1950.8512640261304
612,1292750.1013802653,23739.620692132354
613,701673.1280089845,13135.821001260178
614,359001.80640042486,5791.229645005766
615,304577.33151202684,4927.8019382558605
616,432674.1780967193,6453.714420062673
617,448051.13550977793,10271.795418989077
618,54134.53635820386,753.0879277665829
619,431033.96336473455,8331.101938126074
620,670504.6654518669,17459.507432237275
621,892917.7408225457,17648.10556835972
622,545258.397758676,7267.971073702083
623,306515.3717924877,7120.279653721562
624,589242.4908593463,8845.133792035802
625,105940.49882018093,1451.3670121599573
626,212918.20127460198,2185.662527680998
627,304230.0426683152,5307.852559286048
628,92636.40383084989,1268.2055977774603
629,980289.7319074476,24872.66052352095
630,193251.93032586927,3994.26374661767
631,1958714.498598555,50993.66315524244
632,938593.648822704,12242.33948089897
633,105134.74292512564,1509.0390532591061
634,1047670.8369909667,19137.524902821177
635,442677.8416260039,5073.108023036743
636,171654.496986574,2439.0974875101056
637,1106423.3851058162,25235.009725040458
638,142134.20144780396,2645.1988556957103
639,559613.2042066099,9278.607908815347
640,120372.71105107656,1947.3639016296133
641,823238.2473182798,11997.256517946387
642,2820883.8795758886,49913.84536778979
643,390213.0692528025,2172.8426813289966
644,21575.844481022043,234.4023033496536
645,636303.528419557,11574.570165730194
646,378729.3099061405,5309.728607052046
647,148408.99511884263,2480.688559588388
648,650586.1944138301,7356.872138011871
649,56954.01694320597,698.5050149174092
650,523040.71321788564,10644.309499189603
651,64653.195102179714,316.5490347251959
652,847124.0629553723,17214.492622482718
653,331835.8238134759,5651.301636031449
654,3699275.1514870347,61138.91314215469
655,475321.8303454728,6138.144178631843
656,341309.5676242392,7956.914915868
657,98600.04745091076,1645.4045429027426
658,2138849.4490492623,34280.77937893811
659,1072338.0375418735,19674.76978956826
660,32494.14716596302,470.8295363617064
661,182058.2287115436,1951.759688037741
662,1298612.2130684673,23757.356779593127
663,703198.5321996826,13138.665219378858
664,359895.8197127112,5790.951263628882
665,304738.8252444624,4938.931797563831
666,433300.11351882375,6493.250470219368
667,448397.61730316776,10286.703534392065
668,54440.735213913926,753.5665789958439
669,432567.41062692954,8339.529565767833
670,673643.311008751,17512.926449757128
671,907211.4450532182,17693.437558203022
672,548060.306497498,7259.228729587492
673,306561.317226881,7119.859793822778
674,589986.6578865763,8844.838468884867
675,106001.51792196758,1454.3435413635248
676,213201.4381721152,2197.4519065838217
677,304370.54756579985,5316.464418647032
678,93524.18619306383,1269.2353112975907
679,986818.4780543104,24889.852304228683
680,193420.36895675733,4003.5478272921796
681,2007922.0348200682,50873.95713941731
682,936994.7618633269,12315.751177090522
683,105346.04520246584,1511.166032206865
684,1050332.8114351318,19140.69516256627
685,443093.2678095849,4869.530236433596
686,172316.9535700478,2448.333178042911
687,1111583.4448537198,25267.918516533435
688,142606.41391343434,2649.0510256832854
689,559925.5988081282,9288.158763157691
690,120602.34155164537,1949.046852146523
691,823454.6840957575,12005.527266204928
692,2823127.007746993,50024.46466546656
693,390685.82695917453,2180.680109003041
694,21896.928089215184,235.017026167918
695,637081.1632669256,11820.887677463586
696,380275.636565262,5316.807344141645
697,148871.013309367,2413.1301379619563
698,652861.60648668,7366.157844536477
699,56938.03061068135,698.6403136388045
700,525869.9028531413,10656.867888176956
701,64864.82577072315,316.5446625081265
702,847427.7291685494,17235.18979660264
703,331855.7731779663,5653.137397082568
704,3701411.451847274,61245.87406316034
705,476311.14304078545,6152.007967284
706,344067.21871905174,7957.203189329815
707,98969.20461884278,1652.5851020225384
708,2146422.7074583974,34346.2641028276
709,1073381.380954866,19702.74673501779
710,32652.680572020523,469.8496888413365
711,182054.45116268256,1953.1787048866756
712,1304419.0654625208,23776.14812484351
713,704866.0976841496,13147.845575517425
714,360770.4827200103,5799.075537472689
715,304734.43467682967,4949.982733240348
716,433856.06376904534,6532.78652037616
717,448862.73803191644,10291.553847896364
718,54780.29134240175,748.2357541755164
719,434573.9990822219,8343.431953874642
720,677225.1806698943,17563.573939463546
721,936353.2388092892,17757.254604868096
722,551528.4738593218,7322.0439190312445
723,306608.5256826478,7123.745900125464
724,590653.232514742,8843.572580043397
725,106020.23361114337,1455.8438250272297
726,213532.93890819536,2220.718825127131
727,304481.8042840069,5323.549483026554
728,94529.61546187682,1276.9017276359994
729,991654.3602707598,24928.078393572272
730,193573.22172111686,4014.1599129617903
731,2000992.4367003082,50553.09721308504
732,940219.6932705822,12409.517433856552
733,105569.37747962886,1514.0024568820809
734,1053243.982228947,19145.553474187094
735,443145.4073769545,4947.505954200986
736,172915.58910122066,2450.186871071911
737,1120639.6467325957,25299.377024971647
738,143003.25337834546,2649.547114466589
739,560282.3802519103,9298.227233354455
740,120914.9004396919,1949.7410628569614
741,821869.4036778152,12018.336675899993
742,2825680.3034979245,50170.31140345057
743,391034.21801051043,2188.4984830359163
744,22245.746542413322,235.03095605469025
745,638137.29523136,12085.321895336163
746,381764.29170132114,5324.981169950547
747,149533.68756832252,2509.8169003748644
748,654748.9436239952,7367.779356495598
749,57000.28620246204,698.629978883781
750,525644.9498090004,10663.853600609384
751,65253.255818705395,316.7295287458002
752,847607.806001094,17264.04012440298
753,331927.8767950536,5654.436204712058
754,3703642.044074636,61326.45196023804
755,477758.93993604224,6144.4901239033115
756,348590.2541966803,7958.868384652349
757,99308.50715650732,1661.3701276452352
758,2153855.786536024,34378.87059803048
759,1073769.9531037547,19729.683833888357
760,32988.21402602501,469.29819489128687
761,181998.40897785348,1951.0929280005246
762,1310336.7343939384,23796.20241753745
763,706411.6162193415,13156.293797509694
764,361689.9284153714,5801.331878809782
765,304798.2949890733,4954.063916199648
766,434339.226557179,6572.322570532872
767,448805.6262293022,10312.183713190367
768,55150.590137549756,753.144553730986
769,436771.3727457123,8349.9064367738
770,681038.2017235084,17572.135564434837
771,955528.748316545,17827.569413080837
772,554410.4068030103,7172.786727567877
773,306802.30867754074,7128.104357529152
774,591459.2980591189,8805.522119100322
775,106112.63278022215,1458.25710437976
776,213923.44464124553,2244.933344216299
777,304470.7567077338,5328.638937669166
778,95787.52345894463,1282.2583217301851
779,999531.1893652712,24947.143847433596
780,193710.64856923977,4022.62398548087
781,1974508.4237521794,50556.85956524835
782,944492.4960461907,12424.682698268023
783,105806.41235056211,1514.2828615659923
784,1056771.7260193268,19153.180901420106
785,443580.16718008247,4914.199082284983
786,173578.39822338146,2445.1072404709453
787,1141072.837822746,25279.09364071802
788,143298.34878204117,2650.469114393224
789,560619.2855180784,9310.304389178164
790,121204.42066335608,1950.637603486201
791,821282.8893767818,11976.882136185075
792,2828291.1672817087,50269.618343182345
793,391334.6344564097,2197.494436629646
794,22532.908669324836,236.230566249169
795,638976.4199177839,12344.605237961892
796,383174.1091905308,5327.7260461823535
797,150142.9849569415,2676.594628977626
798,657302.8289399624,7369.541333205627
799,57046.54673825884,698.4987034076563
800,526365.6778523272,10670.04316931095
801,65197.818438451504,316.1796599294717
802,847759.8698023466,17286.759600912177
803,332057.1401905461,5657.37362972603
804,3705145.521217341,61407.56111092707
805,479469.79060385266,6154.297447901687
806,351133.6174439713,7954.137687127473
807,99638.77915457607,1666.2648605903307
808,2161479.1255719736,34435.19524395198
809,1074883.271099052,19741.26338704678
810,33168.24382238504,469.23687090800007
811,181905.2257400579,1951.2782008040804
812,1315940.7670644026,23812.538432640627
813,708060.9744502322,13160.970027511363
814,362165.4255044,5804.785626417863
815,304799.0858553584,4948.048950052651
816,434757.7931500323,6611.858620689635
817,448580.8014998931,10283.96133328326
818,55496.27567903432,750.4736777931477
819,438603.35809944547,8367.676866633792
820,684644.4938527441,17586.124371273025
821,974617.2431496142,17916.2981360749
822,555748.9330454324,7319.261116133603
823,307084.34616359056,7129.8814626853955
824,592379.6951022069,8824.576882202666
825,106063.94420912389,1458.638247417495
826,214277.51973342898,2252.663990567521
827,304320.49473656353,5331.646051900662
828,97083.62101251559,1281.3376628357253
829,1006945.2282966652,24958.172380608896
830,193836.33621724692,4022.621684287965
831,1998676.2273365525,51392.984843000035
832,943803.7347303554,12434.933372959527
833,106074.77322999274,1513.6932857429601
834,1060018.609760301,19153.58019454767
835,443795.37182657287,5053.4576544457395
836,174304.78606113122,2445.9359414680944
837,1146318.0076127942,25259.743205603772
838,143145.25100340432,2648.850931070665
839,561218.3868555006,9311.23534377377
840,121591.42317471869,1952.8486651400297
841,822614.0125696964,11944.602679289903
842,2829543.3940123213,50338.15931163647
843,391631.1662959756,2210.4205340212534
844,22847.36183772422,235.98772448067797
845,639643.0155878031,12635.521069403447
846,385152.16021140094,5326.702194983274
847,150842.71535458034,2626.6312410118644
848,656943.448392743,7373.95421660262
849,57083.308031124085,699.6606363151058
850,527731.5740970091,10668.402660173411
851,65003.96953444391,316.1294877457587
852,847726.1882859931,17295.16230840957
853,332231.1897879421,5656.401370907288
854,3706594.0792177804,61439.00773756848
855,480940.71676063485,6147.151917612762
856,353219.9781013732,7949.867825191266
857,100053.01616442674,1666.0429588369634
858,2168973.179367735,34350.19656420205
859,1075544.5579322868,19737.152735563148
860,33089.984698035594,469.56629914518385
861,181543.22257402365,1953.61499572699
862,1321795.2277600067,23823.71019284491
863,709631.3367752562,13165.039599460302
864,362537.01743843564,5807.84366900792
865,304770.43390651955,4939.818910928747
866,434900.03849233635,6651.3946708464255
867,448851.72613488545,10290.424708857976
868,55830.939036664546,753.2012707413784
869,440418.0510829253,8381.434741861278
870,688016.8400692197,17613.22940516802
871,978783.9925187898,17984.98717106463
872,557056.6589723742,7197.864270474641
873,307029.2001869369,7129.744472076523
874,593315.670846373,8812.174216434014
875,106233.83937742382,1458.1990394151342
876,214586.53745574286,2238.993996141885
877,303925.4304111611,5329.570161842783
878,98431.8097009025,1279.19306855133
879,1012275.660305687,24956.78125654483
880,193942.49886752028,4031.134521407994
881,2046874.0909627606,51305.16571709434
882,943606.2798083394,12494.319445342991
883,106143.60078232302,1513.024410776659
884,1062883.514180202,19163.904005325483
885,443611.2824666873,5096.287204583921
886,175090.5907081639,2448.489282714534
887,1153124.7818666063,25270.115453534865
888,143222.87200423845,2644.805016334282
889,561426.5227045218,9331.424179567923
890,121704.43662049845,1953.982015912715
891,824977.1711553879,11930.218191193057
892,2830678.298059797,50356.79061946168
893,391897.3788180662,2202.570997497154
894,23184.16775490792,234.18561666725228
895,640241.5405295586,13043.469497735314
896,385963.1051233963,5327.827014511557
897,151289.44438365722,2834.877964605866
898,662110.5977831336,7378.0065244259295
899,57094.92993233156,699.6412823431504
900,528668.2191303617,10666.849826378635
901,65452.09349037765,316.56061744235535
902,847829.6939294122,17290.582208236014
903,332280.52294148714,5662.321740403113
904,3708496.4337725723,61479.5600391524
905,481638.7780220656,6153.949797320957
906,359364.3495811909,7952.508532037014
907,100371.94718432709,1675.0515345943693
908,2175603.4178541554,34356.868494004746
909,1075433.8294170783,19774.726769381326
910,33291.782659505225,469.4731448049313
911,181560.46436811838,1961.0613716477158
912,1326743.5461939776,23836.739193399262
913,710953.7194947571,13168.617543628663
914,363279.27662170783,5804.881628902862
915,304866.6788017583,4951.519415342385
916,435047.0601368412,6690.93072100311
917,449072.1079095865,10321.749357639203
918,56158.17533826826,751.023228360956
919,442505.46237643994,8396.430255409403
920,691476.4429191878,17624.534943165905
921,1018584.0950996233,18053.40765932821
922,558116.6813203399,7144.712610891842
923,306969.59205786645,7133.761035825928
924,593996.2961071419,8821.017522201375
925,106184.57642638832,1459.3535649311177
926,214943.85009072672,2212.9766560611765
927,303687.4876112685,5330.228984893946
928,99730.43432218264,1276.5064343868498
929,1018970.3748637945,25029.31253520491
930,194061.6965352051,4039.4247502170497
931,2059738.221412275,51401.59841724722
932,952360.2251168885,12503.225178701445
933,106266.79625519444,1512.5340477959694
934,1066346.9525227072,19163.718961576087
935,443890.53812364454,5249.952977298655
936,175853.57388916143,2452.4247120105956
937,1167371.514971334,25321.437374498433
938,143924.87708421357,2648.093138446891
939,561576.4299425146,9327.371925368265
940,121795.0404605809,1954.0587366994623
941,824022.8972944136,11955.406360551493
942,2831171.7415454593,50404.2067135805
943,392085.6763724779,2203.9105370587254
944,23503.02903032759,234.9158235499486
945,640891.7267237891,13385.60090231297
946,387921.12122733553,5330.797185729074
947,151956.45304841292,2747.555433080831
948,659747.301206447,7378.40278959753
949,57201.142394776776,699.3871877450595
950,529642.3071894108,10673.379086003813
951,65716.53546924918,316.63576912596676
952,848078.1618888932,17297.782141719093
953,332347.1075540029,5668.386026183529
954,3711287.1709437883,61567.81885610648
955,482075.03013901657,6154.899064510821
956,363935.53769633325,7955.375401073485
957,100425.45304919846,1682.6545223663281
958,2183173.3397922684,34388.54409789127
959,1076165.785946388,19793.32483676197
960,33484.75898357168,469.40988848004406
961,181389.54364371946,1963.125358577799
962,1333472.2215137174,23848.416825210807
963,712518.4239602529,13170.60662592867
964,364285.7742772155,5803.89248079467
965,304855.7242985458,4957.029456685819
966,435607.36145459,6730.466771159775
967,449545.0872762322,10329.831014158935
968,56496.37945028686,754.2685669927668
969,444452.8516472342,8419.218695272873
970,694948.6108048683,17623.111822531933
971,1042877.1789560313,18132.867528527964
972,561278.6807515228,7229.315469195057
973,307107.5729949593,7150.031819625993
974,594536.170828062,8814.191512603717
975,106156.04675358254,1462.00511423179
976,215350.39436642703,2199.1134746197795
977,303764.4783656549,5332.759713027528
978,101184.20656292664,1284.8264707254036
979,1025292.6750327554,25079.994379926942
980,194188.56916005,4043.320350141915
981,2074773.0076213828,50816.05553222999
982,952448.5361421516,12420.34044347368
983,106649.12036676149,1512.5723858779725
984,1070183.8489920986,19170.13796711152
985,443940.20917048596,5221.1649363282395
986,176698.3727289165,2465.7731231566195
987,1166573.7062997106,25349.16139545559
988,144477.14346912288,2656.471679626142
989,561840.7203474327,9328.723533516184
990,121980.9962284769,1954.596884539556
991,824754.1742168711,12014.811458193373
992,2833479.694455922,50461.90581128982
993,392422.96574741206,2214.2952715295173
994,23700.06026904031,235.9833726409251
995,641317.5380513854,13618.814428813046
996,389194.5993822933,5337.3133911920595
997,152369.20747428393,2617.644456027077
998,665141.2220128409,7383.450298676004
999,57302.120330254766,698.1490768544882
1000,529263.5534506636,10677.980328599686
1001,65614.95164889362,316.7786983658741
1002,848152.2746810543,17307.291373683693
1003,332401.41306938214,5675.488436131256
1004,3712507.4024908813,61632.6013158879
1005,483347.9035349459,6158.403225596575
1006,367844.4538211768,7962.674259413458
1007,100549.35586999317,1682.3665948850671
1008,2191028.70548937,34394.084422235515
1009,1076693.412146011,19849.66606269733
1010,33572.14910095948,472.02844519823987
1011,181300.3644441149,1962.4624679263138
1012,1342046.6984679606,23859.994977239956
1013,714388.7593450659,13175.685631151575
1014,365581.8599894309,5812.321602457025
1015,305059.55399445305,4980.555384570375
1016,436115.5492310693,6770.002821316569
1017,449864.43338773743,10349.383378888648
1018,56871.64952376353,751.9132105323206
1019,446145.05112072674,8438.782301221952
1020,698514.0788030527,17664.074365493063
1021,1062312.96181936,18219.181823163035
1022,565065.0657767842,7077.5609260439105
1023,307175.26346616755,7153.762292586226
1024,594788.1317734048,8816.126309595547
1025,106176.31050116092,1463.8201825141687
1026,215706.32858386234,2202.461312445039
1027,303863.4665374225,5334.856969677456
1028,102796.7256192812,1284.672726068356
1029,1031344.3099426888,25113.44671131428
1030,194320.49291094646,4046.7878873061873
1031,2046333.426070658,51557.289106943244
1032,948477.6344918129,12407.15119461984
1033,106884.7788710669,1514.2930948769094
1034,1073854.4638736078,19176.694551517645
1035,444560.2252726236,5022.0265754946795
1036,177691.02417816705,2480.52433362377
1037,1179661.3066377398,25343.41842864616
1038,145090.3034461241,2659.696277470639
1039,561941.0535212647,9343.56605922184
1040,122119.03962425012,1955.6754469601358
1041,826546.9755250013,12033.71038786312
1042,2834975.3093103003,50551.90088717699
1043,392883.7707909066,2222.0578975101785
1044,23898.783881106752,234.98414345822567
1045,641788.165741691,13875.132156179223
1046,391001.8654385818,5343.335459475218
1047,152968.0507592025,2622.017028631951
1048,667057.0670037444,7392.706419347302
1049,57296.813307030316,698.174606856864
1050,529323.7193555064,10687.57291943091
1051,65779.14596636736,316.7488303468385
1052,848323.205659884,17330.84513553433
1053,332463.77960082167,5683.3919945361085
1054,3715057.138281214,61763.07539702051
1055,484910.2158957217,6167.166268473788
1056,372041.18601566023,7972.074143661504
1057,101047.40572699648,1687.3063760110817
1058,2199903.0470357295,34412.974685163164
1059,1077583.665703616,19880.853247561863
1060,33800.989718340126,473.8201120939524
1061,181151.64213442663,1962.4584209139168
1062,1350110.4667911327,23878.20572873745
1063,716294.5876430282,13180.174291125451
1064,366878.96957329864,5813.020870923463
1065,305050.8450836077,4978.359402847789
1066,436555.87468511204,6809.538871473359
1067,450275.63538591965,10350.188919982382
1068,57300.300021718496,755.3180969185888
1069,448264.5137281115,8446.638407783767
1070,702475.7339227273,17704.735133272727
1071,1112338.9048003424,18340.657586275982
1072,569815.0809177966,7307.93368271865
1073,307216.8228845661,7163.948738942115
1074,594788.0742793112,8786.732439061789
1075,106047.9033903548,1464.5407483370864
1076,216058.45748583414,2233.039593152197
1077,303766.68965311226,5336.927130902321
1078,104614.5469726224,1283.9452336730833
1079,1039066.5207725246,25126.844393267416
1080,194459.1379253553,4052.809968950247
1081,2073739.4503577757,52224.03958234684
1082,953839.0377018959,12437.2847678769
1083,107142.70052505491,1515.844522768396
1084,1078209.3431895792,19180.06124556155
1085,444581.9345702206,4932.352201142532
1086,178821.14934819192,2495.5312927515834
1087,1201406.922487128,25354.258601391582
1088,145748.65148193084,2659.001000316912
1089,562423.8435999771,9357.842539353554
1090,122513.48742573045,1956.3836550260246
1091,825209.7089557669,12043.112577148026
1092,2835914.9026474305,50679.49367047542
1093,393208.5656415759,2221.6226023942463
1094,24220.701825238804,234.92049678124562
1095,642261.6861433935,14010.581942196426
1096,392825.44420308917,5353.784285666223
1097,153642.3058052959,2759.836485435395
1098,669191.5232560674,7393.367694282599
1099,57355.60519999829,698.1612013177602
1100,529989.3281982283,10690.224423825344
1101,66336.42925071658,316.55435674470533
1102,848715.1519392229,17345.44799551991
1103,332557.9353063054,5690.255194215926
1104,3717212.2814568006,61976.95360465643
1105,486490.67008492944,6163.337889991031
1106,378056.8378548497,7978.651064127931
1107,101068.4877398278,1695.39493248998
1108,2209247.3152952557,34466.87910523116
1109,1078259.8085851348,19906.459321491046
1110,34204.05460129379,475.4831714830501
1111,180955.60817056388,1964.0689024120932
1112,1357722.597925469,23892.130917469975
1113,718262.3077995637,13188.284192471221
1114,368045.18797218025,5815.480468229638
1115,305145.0463079389,4974.930588659252
1116,436968.920846234,6849.07492163004
1117,449944.53844466875,10361.151373263303
1118,57745.80035922114,753.9393586507242
1119,450932.209137061,8454.072646802073
1120,706780.8215258917,17716.978693027664
1121,1139365.2371041107,18463.416141140766
1122,572768.3900357776,7253.3212199935315
1123,307465.55645525956,7168.874589575798
1124,595054.1062637183,8774.240120948856
1125,106030.60707582717,1468.9270705724352
1126,216450.14914639897,2270.0407610009147
1127,303933.2290606392,5342.565025135729
1128,106614.83451265705,1286.547911623195
1129,1045700.8943445631,25126.461721260453
1130,194592.5411941108,4050.8247168147154
1131,2141695.523866301,52254.547240690525
1132,959913.1484108615,12350.294924041647
1133,107465.7379160717,1516.5960441423954
1134,1082369.4204470678,19181.708630747544
1135,444856.7936260923,4830.523783612089
1136,180106.8613707485,2495.6355538771077
1137,1208776.9450955847,25378.302703730755
1138,146261.64739847227,2660.92551121033
1139,562836.993473509,9358.930000793378
1140,122769.57143440284,1957.1261878838206
1141,825864.7351347066,12007.393355494321
1142,2839235.968644102,50769.582915766674
1143,393513.5007721672,2214.453322639092
1144,24496.273006901843,237.28501918791233
1145,642576.255942472,14309.410480995468
1146,394541.8735726282,5352.732354382304
1147,154402.41282716073,2811.511648993599
1148,672455.1243473913,7388.79152408967
1149,57382.542746777675,698.1490124445231
1150,529589.4587408323,10693.71555011001
1151,65956.8945463183,316.6682858062348
1152,848824.9625320835,17347.449160298
1153,332603.1500477396,5698.338533842509
1154,3718798.207679452,62077.22559001228
1155,487430.2824810933,6171.724697456394
1156,381814.19502696366,7983.267830399101
1157,101320.45515593127,1696.923255692711
1158,2218967.7552692434,34437.47187681607
1159,1078773.6022611852,19907.322899502433
1160,34403.9195896364,479.4194160913744
1161,180727.48643977553,1966.079742288588
1162,1365593.0277380703,23906.107097531294
1163,720180.2918889003,13190.128338618924
1164,368566.1955734652,5823.13180551418
1165,305173.938893034,4961.156448170219
1166,437308.1198549144,6888.610971786732
1167,449982.00616874156,10364.93621861032
1168,58164.528777237174,754.121191690872
1169,453360.5266734256,8460.345925869564
1170,710935.4343914179,17722.559187957446
1171,1168665.271664514,18593.135497877407
1172,576534.0102003696,7371.581281826028
1173,307770.1418827507,7166.442773859957
1174,596074.34687349,8783.127901829499
1175,105898.02379921085,1470.1141731285722
1176,216857.79098135987,2276.2195158780205
1177,304383.3767670704,5349.004931240135
1178,108671.71779353131,1289.8565007846664
1179,1054235.7867800365,25104.634569815542
1180,194690.96549936238,4052.299159266984
1181,2110979.3254650747,51304.83546866606
1182,956165.7791902508,12241.246968817355
1183,107816.38381912,1516.9960521057717
1184,1086321.4374711134,19186.54234762637
1185,444852.5792468839,5046.922819071425
1186,181394.45754579015,2490.9796134727
1187,1233215.269590394,25405.38986134287
1188,146196.36615758395,2660.6889723681834
1189,563199.6435633601,9374.733442324385
1190,123110.27338340232,1958.9169400556877
1191,826191.056878733,11974.141648783594
1192,2839275.9246914214,50805.10706086994
1193,393808.05112401454,2224.7123591336676
1194,24773.0775420781,237.5794541687967
1195,642929.7826461652,14391.873060283386
1196,396955.1247936643,5351.561888604485
1197,155054.60538639617,2940.5794228027567
1198,674961.0008535243,7390.102502994612
1199,57453.06890278142,700.0653774964909
1200,529326.4616288524,10692.4682194911
1201,66022.83427088798,316.99744771741484
1202,848889.0067035938,17347.660912994754
1203,332623.45609970996,5706.658552515826
1204,3721791.8125224784,62079.443803474
1205,488327.40770199185,6166.12566904545
1206,384931.4226961525,7985.511777591044
1207,101615.87655249904,1697.568411941653
1208,2228242.691984037,34408.89683186624
1209,1079368.1894437147,19890.081651010165
1210,34413.969675174776,480.7351052133372
1211,180198.99895727748,1970.5647801342807
1212,1372806.1189974358,23919.518981997575
1213,722095.0860001793,13195.821790016262
1214,368990.3124763325,5821.208113251625
1215,305191.33525461337,4958.713687691328
1216,437353.60936187865,6928.147021943551
1217,450199.9110544149,10365.254983869501
1218,58551.905265837915,754.7692751524688
1219,455421.6086479783,8470.60903356797
1220,714910.279043226,17728.455123782973
1221,1180348.4978406332,18688.97759975056
1222,578360.4019336044,7355.420621401316
1223,307812.21951666346,7163.250752637759
1224,597188.6314987198,8799.50970948191
1225,106120.18032112735,1469.8684277419118
1226,217257.1635798369,2273.9778605615165
1227,304739.18475461495,5348.1991505394435
1228,110910.18956048318,1290.6684467780553
1229,1061689.399743177,25070.364643460274
1230,194786.98102379448,4050.6720912773417
1231,2142488.4936384233,50843.41679601066
1232,955304.3096938874,12243.9840186329
1233,107893.11724953598,1516.8529658853618
1234,1090104.576323464,19188.22024229386
1235,444902.19632239046,5196.376226278945
1236,182633.91234845805,2491.506292371133
1237,1249005.367036901,25385.043566887092
1238,146034.80343726042,2657.290252990735
1239,563695.152656039,9376.98825841603
1240,123381.45473826371,1958.926203170234
1241,828891.3336011694,11956.666485527185
1242,2841243.135676737,50839.39343508025
1243,394036.525116122,2233.928279152644
1244,25090.329873724906,237.46237877969244
1245,642875.7036197709,14649.42297858106
1246,398107.64173723006,5353.349651487026
1247,155663.0087466658,2923.2602265726823
1248,676192.1429246957,7392.537109960044
1249,57429.60010617628,700.0981477428015
1250,527954.3484709015,10691.30673192014
1251,66520.38347279801,317.0246135395489
1252,849325.0307128128,17347.301943858758
1253,332654.4676550663,5714.478569796691
1254,3722002.315667469,62139.659181776966
1255,489062.2760092217,6170.3355805339625
1256,393203.9348701229,7990.889110442179
1257,101826.96104009723,1702.9291307023161
1258,2237048.760626492,34341.1201149943
1259,1080867.437451756,19888.95244079792
1260,34569.483386732165,481.14242850542877
1261,180097.94755856565,1975.7216412600865
1262,1380988.5535339885,23920.8271111843
1263,723911.8710881514,13197.097709007252
1264,369657.989873397,5821.067550487423
1265,305357.2982063522,4970.855173284237
1266,437507.31161557755,6967.683072100285
1267,450262.4167532134,10366.914354555218
1268,58903.68816705567,755.8077447068003
1269,457739.08997110825,8467.183723487175
1270,718954.8236735716,17750.499112111036
1271,1242112.69886444,18803.73058062193
1272,581074.2098352842,7412.547386740415
1273,307747.88383857894,7154.48017119587
1274,598086.6213076178,8782.222465777313
1275,106145.46217044075,1469.7504333173963
1276,217570.88068499387,2262.8944172084284
1277,304987.1036687731,5350.137907120793
1278,113311.22918639283,1290.3512332596572
1279,1067209.1374335447,25107.903218379983
1280,194894.6875632758,4056.7586220716275
1281,2063117.0478750248,51215.97635110539
1282,967791.416344713,12234.494220988838
1283,108040.98562576427,1517.078486467524
1284,1095261.7673659248,19199.939523424677
1285,444997.0958655581,5193.1219398332305
1286,183832.65595122677,2492.935602383086
1287,1240828.6328043826,25375.9342372748
1288,146486.5516820429,2660.7664819527963
1289,563932.7524623962,9376.226157831199
1290,123448.46772840014,1958.989565391977
1291,828592.8997978059,11970.48203831843
1292,2842042.5839699903,50866.00826148206
1293,394192.354120359,2236.0684405601814
1294,25328.18890143087,238.3638232584492
1295,642762.6830461624,14880.781893042884
1296,400445.9612639578,5358.703334462458
1297,156199.32908307965,2958.889323949042
1298,681476.3742553778,7394.370457634395
1299,57545.20696461338,700.1073361687139
1300,528123.154002354,10693.925341554672
1301,66631.2742253656,317.2428963854324
1302,849581.3529823333,17352.133730471556
1303,332714.34114632127,5721.295368092618
1304,3725079.2293276237,62220.69356275123
1305,489932.56698377326,6171.966097233411
1306,400025.4791504094,7989.466002016906
1307,102142.56966247168,1705.1190884342013
1308,2246628.736404849,34315.60506839132
1309,1081548.032844841,19880.389924685824
1310,34859.53617599039,481.8571738505791
1311,179814.1174909258,1982.94531664451
1312,1390202.3580952643,23921.664663840544
1313,725832.5253030151,13199.191735621065
1314,370647.77520572185,5822.795521450043
1315,305388.4605512762,4979.7089991396715
1316,438016.59043619223,7007.2191222570045
1317,450703.25278392364,10387.247045831355
1318,59271.59088834652,754.8308408977716
1319,460306.0231581981,8474.849210956274
1320,722667.0481571266,17747.873561188877
1321,1279642.9809569833,18963.44854872001
1322,583824.8442973858,7347.856247931952
1323,307828.81490527553,7158.675099060594
1324,598665.4280773291,8808.588534053624
1325,106208.75040212256,1470.6434518527772
1326,217990.2174537659,2234.5122001549294
1327,305114.90831392957,5355.557755873583
1328,116011.08181472163,1288.1791087333504
1329,1075715.472778041,25146.992298165387
1330,194994.19515436914,4059.6661401816536
1331,2093336.3103804612,52529.27620090176
1332,966726.8079823393,12168.486254896829
1333,108556.17784623217,1518.394732422218
1334,1100161.929952161,19205.00416051656
1335,444781.80696182046,5232.121379918131
1336,185112.29065668053,2498.8171818271526
1337,1267988.3306744862,25375.609359377428
1338,146479.52066094053,2668.985414521841
1339,564190.2756138501,9374.54504467924
1340,123623.02872132129,1960.5445861990086
1341,827042.9167277946,12044.603800947294
1342,2844248.6052929973,50935.367979209186
1343,394453.0201625938,2235.0821676634314
1344,25394.522717638818,241.36208505951873
1345,642778.7218586197,14916.573516651064
1346,402082.32186329656,5364.210423418796
1347,156762.77919713192,2809.0535383242927
1348,683728.8456832592,7397.612383740688
1349,57652.058083078125,700.1826612049849
1350,523941.7249750338,10697.416958211816
1351,66836.36322154354,317.0940187672508
1352,849769.3146442665,17366.17867631733
1353,332756.7766015886,5727.616750754103
1354,3726517.9468782907,62296.51057476363
1355,490936.49937806535,6170.878434959989
1356,406365.02268293564,7987.039518173992
1357,102833.7671435817,1704.1502063120893
1358,2256509.1032072464,34263.14177634142
1359,1082501.7970235827,19919.763136734684
1360,34831.809541606846,480.5773598763503
1361,179676.923404872,1988.4594019574843
1362,1402171.9341990252,23923.60851051845
1363,728138.3254116629,13202.999737584549
1364,372050.7230326295,5823.859795371731
1365,305639.454031061,4980.475241267413
1366,438547.16226855747,7046.75517241372
1367,450953.91995298956,10412.31093688561
1368,59679.976214223636,754.8276289460032
1369,462471.5884792871,8477.641254248529
1370,726643.1014254597,17783.106597954342
1371,1306465.2987545894,19148.518239922134
1372,586225.0109145558,7286.263585996908
1373,308024.4181951585,7160.8471484045685
1374,599068.9927265553,8809.110026164646
1375,106255.70860069609,1471.6728391202878
1376,218344.5521929711,2215.4104747888855
1377,305471.63897718926,5359.158428019874
1378,118754.55884374224,1294.740995862632
1379,1083188.289793202,25225.209108286548
1380,195111.93561335103,4065.808336014542
1381,2197992.126618938,52241.27520338216
1382,959456.0558567464,12165.623164356977
1383,108837.50525869604,1519.7825745879336
1384,1104834.492082803,19210.82315665731
1385,445720.14870673406,5145.039766334565
1386,186547.98310686802,2499.5977158541345
1387,1280450.9638393777,25379.691919595425
1388,146875.11942783272,2671.6356698317622
1389,564611.0289854393,9385.675697758394
1390,123828.73288580036,1962.012025539844
1391,829906.0981980443,12053.837870111602
1392,2846198.5704946495,51020.32837063167
1393,394855.6962182205,2235.660823897917
1394,25697.27351046872,241.87660893335794
1395,642868.3799439821,15041.977043004525
1396,404236.8092535897,5370.1674672608315
1397,157518.75702841568,3171.4462718004897
1398,688825.6629561319,7406.408458456548
1399,57618.95529983334,700.5379802737501
1400,522628.58742976835,10704.500467866454
1401,66707.62549854498,317.18581228892924
1402,850097.7582004437,17380.479036709712
1403,332804.8670237789,5732.734381600005
1404,3728737.1274936097,62405.11275778198
1405,492077.650054569,6179.656896024381
1406,412661.7036587295,7985.857338952615
1407,103355.82598190775,1707.2353580297413
1408,2267096.4554461027,34252.732007339444
1409,1083155.1773747175,19941.94243068951
1410,35013.44553410862,478.96552437539174
1411,179433.7813598367,1992.5536313766274
1412,1413736.3544550496,23936.95018883605
1413,730533.6540880867,13205.185473360338
1414,373355.170236317,5828.918990797281
1415,305695.29479179456,4976.272581113541
1416,438935.9742369041,7086.291222570449
1417,451265.61604962865,10401.902025296145
1418,60122.91674796795,754.2111351100749
1419,464734.21020749025,8477.987757750727
1420,731314.6824307173,17818.359689711335
1421,1392946.7298033028,19351.40861101369
1422,589483.5135510867,7268.557553326073
1423,308154.8682758017,7168.9047038869285
1424,599880.8803604854,8783.249645614222
1425,106184.56737399178,1472.7058323934293
1426,218776.37321626383,2217.2711015101613
1427,306171.96389022795,5361.447773973623
1428,121601.10589010114,1295.655578804543
1429,1089237.6844077455,25276.2568326146
1430,195219.16900150498,4070.6798656637284
1431,2201819.263571266,50650.3009287144
1432,966664.7481183148,12255.854710885902
1433,109116.45067889514,1520.9798053013237
1434,1110125.615307083,19211.579583722472
1435,445632.8771369994,5021.7948751335225
1436,188093.11479444036,2502.5474870329854
1437,1280846.7260474544,25387.587222054968
1438,147659.3562786168,2669.361582304619
1439,565138.8169702389,9392.169949529407
1440,124210.31783179243,1962.588091659656
1441,827468.4296912944,12066.337043645504
1442,2847724.8950456902,51139.56658145937
1443,395184.73590150254,2256.67365488181
1444,26142.95435605441,240.91143385095222
1445,642835.2900647443,14976.774264175056
1446,406356.21134685166,5373.727422163268
1447,158157.67884517874,2991.316740743495
1448,690028.4855110885,7409.436874859787
1449,57688.31989786723,700.4939189092853
1450,524356.964032235,10707.989705115779
1451,67480.29500054961,317.4604410324589
1452,850340.7188410359,17402.301233314727
1453,332875.20754153444,5738.234457564236
1454,3731277.114446992,62516.38209092086
1455,493165.8495338653,6173.497068787683
1456,421142.4521244944,7982.424147113443
1457,103471.6283302817,1714.029195648783
1458,2278087.9884732645,34284.64589626914
1459,1083729.4661688479,19983.664512916286
1460,35556.82924291383,477.40868319459565
1461,179103.51094452667,1997.22704307394
1462,1424796.2377945953,23942.33398005371
1463,732806.3354475833,13212.469219894178
1464,374611.34287699655,5831.4797211151
1465,305843.53849426756,4966.284460557708
1466,439292.7738383076,7125.827272727222
1467,451093.13624575024,10397.64983493393
1468,60580.77446622593,755.9675224873788
1469,467723.7070642327,8476.211632703966
1470,736159.3419021232,17832.266801433707
1471,1430524.510935173,19521.76868021161
1472,593723.0421031218,7281.919749240262
1473,308319.297057534,7177.497883967847
1474,600564.3849980439,8804.411322989872
1475,106209.46713081383,1473.8186573673029
1476,219268.06605725177,2249.6135057806396
1477,306381.63595245744,5364.698287439162
1478,124368.10626387593,1294.8260764224747
1479,1099577.6156499905,25324.715712670873
1480,195320.85880848183,4071.512430703677
1481,2156694.5540169002,50899.29523229956
1482,975272.5101170236,12281.973352947934
1483,109463.71471981326,1521.193618958287
1484,1116358.5289531415,19210.537613437293
1485,445858.4039445592,5052.201856565454
1486,189709.54941837466,2503.7433300783587
1487,1336639.5977191352,25394.099943820303
1488,148494.93910155835,2669.5467021011245
1489,565799.0722645519,9403.494638816243
1490,124556.91701355108,1962.8161300975053
1491,826892.7001904286,12034.308409873265
1492,2849987.763892387,51188.970232951346
1493,395486.5862026164,2255.619615969078
1494,26543.48489183144,242.61232378366657
1495,642911.4152800998,15036.744903900977
1496,408367.30321964883,5375.1259395337565
1497,159067.5160822584,2896.469597361775
1498,696837.6349979613,7409.985566530062
1499,57694.57981571372,700.2955478294898
